id_tiempo,fecha,anio,mes,nombre_mes,trimestre,semana,dia_semana,nombre_dia,es_fin_semana,estacion,fecha_date
1,2023-01-01,2023,1,January,1,52,6,Sunday,True,Invierno,2023-01-01
2,2023-01-02,2023,1,January,1,1,0,Monday,False,Invierno,2023-01-02
3,2023-01-03,2023,1,January,1,1,1,Tuesday,False,Invierno,2023-01-03
4,2023-01-04,2023,1,January,1,1,2,Wednesday,False,Invierno,2023-01-04
5,2023-01-05,2023,1,January,1,1,3,Thursday,False,Invierno,2023-01-05
6,2023-01-06,2023,1,January,1,1,4,Friday,False,Invierno,2023-01-06
7,2023-01-07,2023,1,January,1,1,5,Saturday,True,Invierno,2023-01-07
8,2023-01-08,2023,1,January,1,1,6,Sunday,True,Invierno,2023-01-08
9,2023-01-09,2023,1,January,1,2,0,Monday,False,Invierno,2023-01-09
10,2023-01-10,2023,1,January,1,2,1,Tuesday,False,Invierno,2023-01-10
11,2023-01-11,2023,1,January,1,2,2,Wednesday,False,Invierno,2023-01-11
12,2023-01-12,2023,1,January,1,2,3,Thursday,False,Invierno,2023-01-12
13,2023-01-13,2023,1,January,1,2,4,Friday,False,Invierno,2023-01-13
14,2023-01-14,2023,1,January,1,2,5,Saturday,True,Invierno,2023-01-14
15,2023-01-15,2023,1,January,1,2,6,Sunday,True,Invierno,2023-01-15
16,2023-01-16,2023,1,January,1,3,0,Monday,False,Invierno,2023-01-16
17,2023-01-17,2023,1,January,1,3,1,Tuesday,False,Invierno,2023-01-17
18,2023-01-18,2023,1,January,1,3,2,Wednesday,False,Invierno,2023-01-18
19,2023-01-19,2023,1,January,1,3,3,Thursday,False,Invierno,2023-01-19
20,2023-01-20,2023,1,January,1,3,4,Friday,False,Invierno,2023-01-20
21,2023-01-21,2023,1,January,1,3,5,Saturday,True,Invierno,2023-01-21
22,2023-01-22,2023,1,January,1,3,6,Sunday,True,Invierno,2023-01-22
23,2023-01-23,2023,1,January,1,4,0,Monday,False,Invierno,2023-01-23
24,2023-01-24,2023,1,January,1,4,1,Tuesday,False,Invierno,2023-01-24
25,2023-01-25,2023,1,January,1,4,2,Wednesday,False,Invierno,2023-01-25
26,2023-01-26,2023,1,January,1,4,3,Thursday,False,Invierno,2023-01-26
27,2023-01-27,2023,1,January,1,4,4,Friday,False,Invierno,2023-01-27
28,2023-01-28,2023,1,January,1,4,5,Saturday,True,Invierno,2023-01-28
29,2023-01-29,2023,1,January,1,4,6,Sunday,True,Invierno,2023-01-29
30,2023-01-30,2023,1,January,1,5,0,Monday,False,Invierno,2023-01-30
31,2023-01-31,2023,1,January,1,5,1,Tuesday,False,Invierno,2023-01-31
32,2023-02-01,2023,2,February,1,5,2,Wednesday,False,Invierno,2023-02-01
33,2023-02-02,2023,2,February,1,5,3,Thursday,False,Invierno,2023-02-02
34,2023-02-03,2023,2,February,1,5,4,Friday,False,Invierno,2023-02-03
35,2023-02-04,2023,2,February,1,5,5,Saturday,True,Invierno,2023-02-04
36,2023-02-05,2023,2,February,1,5,6,Sunday,True,Invierno,2023-02-05
37,2023-02-06,2023,2,February,1,6,0,Monday,False,Invierno,2023-02-06
38,2023-02-07,2023,2,February,1,6,1,Tuesday,False,Invierno,2023-02-07
39,2023-02-08,2023,2,February,1,6,2,Wednesday,False,Invierno,2023-02-08
40,2023-02-09,2023,2,February,1,6,3,Thursday,False,Invierno,2023-02-09
41,2023-02-10,2023,2,February,1,6,4,Friday,False,Invierno,2023-02-10
42,2023-02-11,2023,2,February,1,6,5,Saturday,True,Invierno,2023-02-11
43,2023-02-12,2023,2,February,1,6,6,Sunday,True,Invierno,2023-02-12
44,2023-02-13,2023,2,February,1,7,0,Monday,False,Invierno,2023-02-13
45,2023-02-14,2023,2,February,1,7,1,Tuesday,False,Invierno,2023-02-14
46,2023-02-15,2023,2,February,1,7,2,Wednesday,False,Invierno,2023-02-15
47,2023-02-16,2023,2,February,1,7,3,Thursday,False,Invierno,2023-02-16
48,2023-02-17,2023,2,February,1,7,4,Friday,False,Invierno,2023-02-17
49,2023-02-18,2023,2,February,1,7,5,Saturday,True,Invierno,2023-02-18
50,2023-02-19,2023,2,February,1,7,6,Sunday,True,Invierno,2023-02-19
51,2023-02-20,2023,2,February,1,8,0,Monday,False,Invierno,2023-02-20
52,2023-02-21,2023,2,February,1,8,1,Tuesday,False,Invierno,2023-02-21
53,2023-02-22,2023,2,February,1,8,2,Wednesday,False,Invierno,2023-02-22
54,2023-02-23,2023,2,February,1,8,3,Thursday,False,Invierno,2023-02-23
55,2023-02-24,2023,2,February,1,8,4,Friday,False,Invierno,2023-02-24
56,2023-02-25,2023,2,February,1,8,5,Saturday,True,Invierno,2023-02-25
57,2023-02-26,2023,2,February,1,8,6,Sunday,True,Invierno,2023-02-26
58,2023-02-27,2023,2,February,1,9,0,Monday,False,Invierno,2023-02-27
59,2023-02-28,2023,2,February,1,9,1,Tuesday,False,Invierno,2023-02-28
60,2023-03-01,2023,3,March,1,9,2,Wednesday,False,Primavera,2023-03-01
61,2023-03-02,2023,3,March,1,9,3,Thursday,False,Primavera,2023-03-02
62,2023-03-03,2023,3,March,1,9,4,Friday,False,Primavera,2023-03-03
63,2023-03-04,2023,3,March,1,9,5,Saturday,True,Primavera,2023-03-04
64,2023-03-05,2023,3,March,1,9,6,Sunday,True,Primavera,2023-03-05
65,2023-03-06,2023,3,March,1,10,0,Monday,False,Primavera,2023-03-06
66,2023-03-07,2023,3,March,1,10,1,Tuesday,False,Primavera,2023-03-07
67,2023-03-08,2023,3,March,1,10,2,Wednesday,False,Primavera,2023-03-08
68,2023-03-09,2023,3,March,1,10,3,Thursday,False,Primavera,2023-03-09
69,2023-03-10,2023,3,March,1,10,4,Friday,False,Primavera,2023-03-10
70,2023-03-11,2023,3,March,1,10,5,Saturday,True,Primavera,2023-03-11
71,2023-03-12,2023,3,March,1,10,6,Sunday,True,Primavera,2023-03-12
72,2023-03-13,2023,3,March,1,11,0,Monday,False,Primavera,2023-03-13
73,2023-03-14,2023,3,March,1,11,1,Tuesday,False,Primavera,2023-03-14
74,2023-03-15,2023,3,March,1,11,2,Wednesday,False,Primavera,2023-03-15
75,2023-03-16,2023,3,March,1,11,3,Thursday,False,Primavera,2023-03-16
76,2023-03-17,2023,3,March,1,11,4,Friday,False,Primavera,2023-03-17
77,2023-03-18,2023,3,March,1,11,5,Saturday,True,Primavera,2023-03-18
78,2023-03-19,2023,3,March,1,11,6,Sunday,True,Primavera,2023-03-19
79,2023-03-20,2023,3,March,1,12,0,Monday,False,Primavera,2023-03-20
80,2023-03-21,2023,3,March,1,12,1,Tuesday,False,Primavera,2023-03-21
81,2023-03-22,2023,3,March,1,12,2,Wednesday,False,Primavera,2023-03-22
82,2023-03-23,2023,3,March,1,12,3,Thursday,False,Primavera,2023-03-23
83,2023-03-24,2023,3,March,1,12,4,Friday,False,Primavera,2023-03-24
84,2023-03-25,2023,3,March,1,12,5,Saturday,True,Primavera,2023-03-25
85,2023-03-26,2023,3,March,1,12,6,Sunday,True,Primavera,2023-03-26
86,2023-03-27,2023,3,March,1,13,0,Monday,False,Primavera,2023-03-27
87,2023-03-28,2023,3,March,1,13,1,Tuesday,False,Primavera,2023-03-28
88,2023-03-29,2023,3,March,1,13,2,Wednesday,False,Primavera,2023-03-29
89,2023-03-30,2023,3,March,1,13,3,Thursday,False,Primavera,2023-03-30
90,2023-03-31,2023,3,March,1,13,4,Friday,False,Primavera,2023-03-31
91,2023-04-01,2023,4,April,2,13,5,Saturday,True,Primavera,2023-04-01
92,2023-04-02,2023,4,April,2,13,6,Sunday,True,Primavera,2023-04-02
93,2023-04-03,2023,4,April,2,14,0,Monday,False,Primavera,2023-04-03
94,2023-04-04,2023,4,April,2,14,1,Tuesday,False,Primavera,2023-04-04
95,2023-04-05,2023,4,April,2,14,2,Wednesday,False,Primavera,2023-04-05
96,2023-04-06,2023,4,April,2,14,3,Thursday,False,Primavera,2023-04-06
97,2023-04-07,2023,4,April,2,14,4,Friday,False,Primavera,2023-04-07
98,2023-04-08,2023,4,April,2,14,5,Saturday,True,Primavera,2023-04-08
99,2023-04-09,2023,4,April,2,14,6,Sunday,True,Primavera,2023-04-09
100,2023-04-10,2023,4,April,2,15,0,Monday,False,Primavera,2023-04-10
101,2023-04-11,2023,4,April,2,15,1,Tuesday,False,Primavera,2023-04-11
102,2023-04-12,2023,4,April,2,15,2,Wednesday,False,Primavera,2023-04-12
103,2023-04-13,2023,4,April,2,15,3,Thursday,False,Primavera,2023-04-13
104,2023-04-14,2023,4,April,2,15,4,Friday,False,Primavera,2023-04-14
105,2023-04-15,2023,4,April,2,15,5,Saturday,True,Primavera,2023-04-15
106,2023-04-16,2023,4,April,2,15,6,Sunday,True,Primavera,2023-04-16
107,2023-04-17,2023,4,April,2,16,0,Monday,False,Primavera,2023-04-17
108,2023-04-18,2023,4,April,2,16,1,Tuesday,False,Primavera,2023-04-18
109,2023-04-19,2023,4,April,2,16,2,Wednesday,False,Primavera,2023-04-19
110,2023-04-20,2023,4,April,2,16,3,Thursday,False,Primavera,2023-04-20
111,2023-04-21,2023,4,April,2,16,4,Friday,False,Primavera,2023-04-21
112,2023-04-22,2023,4,April,2,16,5,Saturday,True,Primavera,2023-04-22
113,2023-04-23,2023,4,April,2,16,6,Sunday,True,Primavera,2023-04-23
114,2023-04-24,2023,4,April,2,17,0,Monday,False,Primavera,2023-04-24
115,2023-04-25,2023,4,April,2,17,1,Tuesday,False,Primavera,2023-04-25
116,2023-04-26,2023,4,April,2,17,2,Wednesday,False,Primavera,2023-04-26
117,2023-04-27,2023,4,April,2,17,3,Thursday,False,Primavera,2023-04-27
118,2023-04-28,2023,4,April,2,17,4,Friday,False,Primavera,2023-04-28
119,2023-04-29,2023,4,April,2,17,5,Saturday,True,Primavera,2023-04-29
120,2023-04-30,2023,4,April,2,17,6,Sunday,True,Primavera,2023-04-30
121,2023-05-01,2023,5,May,2,18,0,Monday,False,Primavera,2023-05-01
122,2023-05-02,2023,5,May,2,18,1,Tuesday,False,Primavera,2023-05-02
123,2023-05-03,2023,5,May,2,18,2,Wednesday,False,Primavera,2023-05-03
124,2023-05-04,2023,5,May,2,18,3,Thursday,False,Primavera,2023-05-04
125,2023-05-05,2023,5,May,2,18,4,Friday,False,Primavera,2023-05-05
126,2023-05-06,2023,5,May,2,18,5,Saturday,True,Primavera,2023-05-06
127,2023-05-07,2023,5,May,2,18,6,Sunday,True,Primavera,2023-05-07
128,2023-05-08,2023,5,May,2,19,0,Monday,False,Primavera,2023-05-08
129,2023-05-09,2023,5,May,2,19,1,Tuesday,False,Primavera,2023-05-09
130,2023-05-10,2023,5,May,2,19,2,Wednesday,False,Primavera,2023-05-10
131,2023-05-11,2023,5,May,2,19,3,Thursday,False,Primavera,2023-05-11
132,2023-05-12,2023,5,May,2,19,4,Friday,False,Primavera,2023-05-12
133,2023-05-13,2023,5,May,2,19,5,Saturday,True,Primavera,2023-05-13
134,2023-05-14,2023,5,May,2,19,6,Sunday,True,Primavera,2023-05-14
135,2023-05-15,2023,5,May,2,20,0,Monday,False,Primavera,2023-05-15
136,2023-05-16,2023,5,May,2,20,1,Tuesday,False,Primavera,2023-05-16
137,2023-05-17,2023,5,May,2,20,2,Wednesday,False,Primavera,2023-05-17
138,2023-05-18,2023,5,May,2,20,3,Thursday,False,Primavera,2023-05-18
139,2023-05-19,2023,5,May,2,20,4,Friday,False,Primavera,2023-05-19
140,2023-05-20,2023,5,May,2,20,5,Saturday,True,Primavera,2023-05-20
141,2023-05-21,2023,5,May,2,20,6,Sunday,True,Primavera,2023-05-21
142,2023-05-22,2023,5,May,2,21,0,Monday,False,Primavera,2023-05-22
143,2023-05-23,2023,5,May,2,21,1,Tuesday,False,Primavera,2023-05-23
144,2023-05-24,2023,5,May,2,21,2,Wednesday,False,Primavera,2023-05-24
145,2023-05-25,2023,5,May,2,21,3,Thursday,False,Primavera,2023-05-25
146,2023-05-26,2023,5,May,2,21,4,Friday,False,Primavera,2023-05-26
147,2023-05-27,2023,5,May,2,21,5,Saturday,True,Primavera,2023-05-27
148,2023-05-28,2023,5,May,2,21,6,Sunday,True,Primavera,2023-05-28
149,2023-05-29,2023,5,May,2,22,0,Monday,False,Primavera,2023-05-29
150,2023-05-30,2023,5,May,2,22,1,Tuesday,False,Primavera,2023-05-30
151,2023-05-31,2023,5,May,2,22,2,Wednesday,False,Primavera,2023-05-31
152,2023-06-01,2023,6,June,2,22,3,Thursday,False,Verano,2023-06-01
153,2023-06-02,2023,6,June,2,22,4,Friday,False,Verano,2023-06-02
154,2023-06-03,2023,6,June,2,22,5,Saturday,True,Verano,2023-06-03
155,2023-06-04,2023,6,June,2,22,6,Sunday,True,Verano,2023-06-04
156,2023-06-05,2023,6,June,2,23,0,Monday,False,Verano,2023-06-05
157,2023-06-06,2023,6,June,2,23,1,Tuesday,False,Verano,2023-06-06
158,2023-06-07,2023,6,June,2,23,2,Wednesday,False,Verano,2023-06-07
159,2023-06-08,2023,6,June,2,23,3,Thursday,False,Verano,2023-06-08
160,2023-06-09,2023,6,June,2,23,4,Friday,False,Verano,2023-06-09
161,2023-06-10,2023,6,June,2,23,5,Saturday,True,Verano,2023-06-10
162,2023-06-11,2023,6,June,2,23,6,Sunday,True,Verano,2023-06-11
163,2023-06-12,2023,6,June,2,24,0,Monday,False,Verano,2023-06-12
164,2023-06-13,2023,6,June,2,24,1,Tuesday,False,Verano,2023-06-13
165,2023-06-14,2023,6,June,2,24,2,Wednesday,False,Verano,2023-06-14
166,2023-06-15,2023,6,June,2,24,3,Thursday,False,Verano,2023-06-15
167,2023-06-16,2023,6,June,2,24,4,Friday,False,Verano,2023-06-16
168,2023-06-17,2023,6,June,2,24,5,Saturday,True,Verano,2023-06-17
169,2023-06-18,2023,6,June,2,24,6,Sunday,True,Verano,2023-06-18
170,2023-06-19,2023,6,June,2,25,0,Monday,False,Verano,2023-06-19
171,2023-06-20,2023,6,June,2,25,1,Tuesday,False,Verano,2023-06-20
172,2023-06-21,2023,6,June,2,25,2,Wednesday,False,Verano,2023-06-21
173,2023-06-22,2023,6,June,2,25,3,Thursday,False,Verano,2023-06-22
174,2023-06-23,2023,6,June,2,25,4,Friday,False,Verano,2023-06-23
175,2023-06-24,2023,6,June,2,25,5,Saturday,True,Verano,2023-06-24
176,2023-06-25,2023,6,June,2,25,6,Sunday,True,Verano,2023-06-25
177,2023-06-26,2023,6,June,2,26,0,Monday,False,Verano,2023-06-26
178,2023-06-27,2023,6,June,2,26,1,Tuesday,False,Verano,2023-06-27
179,2023-06-28,2023,6,June,2,26,2,Wednesday,False,Verano,2023-06-28
180,2023-06-29,2023,6,June,2,26,3,Thursday,False,Verano,2023-06-29
181,2023-06-30,2023,6,June,2,26,4,Friday,False,Verano,2023-06-30
182,2023-07-01,2023,7,July,3,26,5,Saturday,True,Verano,2023-07-01
183,2023-07-02,2023,7,July,3,26,6,Sunday,True,Verano,2023-07-02
184,2023-07-03,2023,7,July,3,27,0,Monday,False,Verano,2023-07-03
185,2023-07-04,2023,7,July,3,27,1,Tuesday,False,Verano,2023-07-04
186,2023-07-05,2023,7,July,3,27,2,Wednesday,False,Verano,2023-07-05
187,2023-07-06,2023,7,July,3,27,3,Thursday,False,Verano,2023-07-06
188,2023-07-07,2023,7,July,3,27,4,Friday,False,Verano,2023-07-07
189,2023-07-08,2023,7,July,3,27,5,Saturday,True,Verano,2023-07-08
190,2023-07-09,2023,7,July,3,27,6,Sunday,True,Verano,2023-07-09
191,2023-07-10,2023,7,July,3,28,0,Monday,False,Verano,2023-07-10
192,2023-07-11,2023,7,July,3,28,1,Tuesday,False,Verano,2023-07-11
193,2023-07-12,2023,7,July,3,28,2,Wednesday,False,Verano,2023-07-12
194,2023-07-13,2023,7,July,3,28,3,Thursday,False,Verano,2023-07-13
195,2023-07-14,2023,7,July,3,28,4,Friday,False,Verano,2023-07-14
196,2023-07-15,2023,7,July,3,28,5,Saturday,True,Verano,2023-07-15
197,2023-07-16,2023,7,July,3,28,6,Sunday,True,Verano,2023-07-16
198,2023-07-17,2023,7,July,3,29,0,Monday,False,Verano,2023-07-17
199,2023-07-18,2023,7,July,3,29,1,Tuesday,False,Verano,2023-07-18
200,2023-07-19,2023,7,July,3,29,2,Wednesday,False,Verano,2023-07-19
201,2023-07-20,2023,7,July,3,29,3,Thursday,False,Verano,2023-07-20
202,2023-07-21,2023,7,July,3,29,4,Friday,False,Verano,2023-07-21
203,2023-07-22,2023,7,July,3,29,5,Saturday,True,Verano,2023-07-22
204,2023-07-23,2023,7,July,3,29,6,Sunday,True,Verano,2023-07-23
205,2023-07-24,2023,7,July,3,30,0,Monday,False,Verano,2023-07-24
206,2023-07-25,2023,7,July,3,30,1,Tuesday,False,Verano,2023-07-25
207,2023-07-26,2023,7,July,3,30,2,Wednesday,False,Verano,2023-07-26
208,2023-07-27,2023,7,July,3,30,3,Thursday,False,Verano,2023-07-27
209,2023-07-28,2023,7,July,3,30,4,Friday,False,Verano,2023-07-28
210,2023-07-29,2023,7,July,3,30,5,Saturday,True,Verano,2023-07-29
211,2023-07-30,2023,7,July,3,30,6,Sunday,True,Verano,2023-07-30
212,2023-07-31,2023,7,July,3,31,0,Monday,False,Verano,2023-07-31
213,2023-08-01,2023,8,August,3,31,1,Tuesday,False,Verano,2023-08-01
214,2023-08-02,2023,8,August,3,31,2,Wednesday,False,Verano,2023-08-02
215,2023-08-03,2023,8,August,3,31,3,Thursday,False,Verano,2023-08-03
216,2023-08-04,2023,8,August,3,31,4,Friday,False,Verano,2023-08-04
217,2023-08-05,2023,8,August,3,31,5,Saturday,True,Verano,2023-08-05
218,2023-08-06,2023,8,August,3,31,6,Sunday,True,Verano,2023-08-06
219,2023-08-07,2023,8,August,3,32,0,Monday,False,Verano,2023-08-07
220,2023-08-08,2023,8,August,3,32,1,Tuesday,False,Verano,2023-08-08
221,2023-08-09,2023,8,August,3,32,2,Wednesday,False,Verano,2023-08-09
222,2023-08-10,2023,8,August,3,32,3,Thursday,False,Verano,2023-08-10
223,2023-08-11,2023,8,August,3,32,4,Friday,False,Verano,2023-08-11
224,2023-08-12,2023,8,August,3,32,5,Saturday,True,Verano,2023-08-12
225,2023-08-13,2023,8,August,3,32,6,Sunday,True,Verano,2023-08-13
226,2023-08-14,2023,8,August,3,33,0,Monday,False,Verano,2023-08-14
227,2023-08-15,2023,8,August,3,33,1,Tuesday,False,Verano,2023-08-15
228,2023-08-16,2023,8,August,3,33,2,Wednesday,False,Verano,2023-08-16
229,2023-08-17,2023,8,August,3,33,3,Thursday,False,Verano,2023-08-17
230,2023-08-18,2023,8,August,3,33,4,Friday,False,Verano,2023-08-18
231,2023-08-19,2023,8,August,3,33,5,Saturday,True,Verano,2023-08-19
232,2023-08-20,2023,8,August,3,33,6,Sunday,True,Verano,2023-08-20
233,2023-08-21,2023,8,August,3,34,0,Monday,False,Verano,2023-08-21
234,2023-08-22,2023,8,August,3,34,1,Tuesday,False,Verano,2023-08-22
235,2023-08-23,2023,8,August,3,34,2,Wednesday,False,Verano,2023-08-23
236,2023-08-24,2023,8,August,3,34,3,Thursday,False,Verano,2023-08-24
237,2023-08-25,2023,8,August,3,34,4,Friday,False,Verano,2023-08-25
238,2023-08-26,2023,8,August,3,34,5,Saturday,True,Verano,2023-08-26
239,2023-08-27,2023,8,August,3,34,6,Sunday,True,Verano,2023-08-27
240,2023-08-28,2023,8,August,3,35,0,Monday,False,Verano,2023-08-28
241,2023-08-29,2023,8,August,3,35,1,Tuesday,False,Verano,2023-08-29
242,2023-08-30,2023,8,August,3,35,2,Wednesday,False,Verano,2023-08-30
243,2023-08-31,2023,8,August,3,35,3,Thursday,False,Verano,2023-08-31
244,2023-09-01,2023,9,September,3,35,4,Friday,False,Otoño,2023-09-01
245,2023-09-02,2023,9,September,3,35,5,Saturday,True,Otoño,2023-09-02
246,2023-09-03,2023,9,September,3,35,6,Sunday,True,Otoño,2023-09-03
247,2023-09-04,2023,9,September,3,36,0,Monday,False,Otoño,2023-09-04
248,2023-09-05,2023,9,September,3,36,1,Tuesday,False,Otoño,2023-09-05
249,2023-09-06,2023,9,September,3,36,2,Wednesday,False,Otoño,2023-09-06
250,2023-09-07,2023,9,September,3,36,3,Thursday,False,Otoño,2023-09-07
251,2023-09-08,2023,9,September,3,36,4,Friday,False,Otoño,2023-09-08
252,2023-09-09,2023,9,September,3,36,5,Saturday,True,Otoño,2023-09-09
253,2023-09-10,2023,9,September,3,36,6,Sunday,True,Otoño,2023-09-10
254,2023-09-11,2023,9,September,3,37,0,Monday,False,Otoño,2023-09-11
255,2023-09-12,2023,9,September,3,37,1,Tuesday,False,Otoño,2023-09-12
256,2023-09-13,2023,9,September,3,37,2,Wednesday,False,Otoño,2023-09-13
257,2023-09-14,2023,9,September,3,37,3,Thursday,False,Otoño,2023-09-14
258,2023-09-15,2023,9,September,3,37,4,Friday,False,Otoño,2023-09-15
259,2023-09-16,2023,9,September,3,37,5,Saturday,True,Otoño,2023-09-16
260,2023-09-17,2023,9,September,3,37,6,Sunday,True,Otoño,2023-09-17
261,2023-09-18,2023,9,September,3,38,0,Monday,False,Otoño,2023-09-18
262,2023-09-19,2023,9,September,3,38,1,Tuesday,False,Otoño,2023-09-19
263,2023-09-20,2023,9,September,3,38,2,Wednesday,False,Otoño,2023-09-20
264,2023-09-21,2023,9,September,3,38,3,Thursday,False,Otoño,2023-09-21
265,2023-09-22,2023,9,September,3,38,4,Friday,False,Otoño,2023-09-22
266,2023-09-23,2023,9,September,3,38,5,Saturday,True,Otoño,2023-09-23
267,2023-09-24,2023,9,September,3,38,6,Sunday,True,Otoño,2023-09-24
268,2023-09-25,2023,9,September,3,39,0,Monday,False,Otoño,2023-09-25
269,2023-09-26,2023,9,September,3,39,1,Tuesday,False,Otoño,2023-09-26
270,2023-09-27,2023,9,September,3,39,2,Wednesday,False,Otoño,2023-09-27
271,2023-09-28,2023,9,September,3,39,3,Thursday,False,Otoño,2023-09-28
272,2023-09-29,2023,9,September,3,39,4,Friday,False,Otoño,2023-09-29
273,2023-09-30,2023,9,September,3,39,5,Saturday,True,Otoño,2023-09-30
274,2023-10-01,2023,10,October,4,39,6,Sunday,True,Otoño,2023-10-01
275,2023-10-02,2023,10,October,4,40,0,Monday,False,Otoño,2023-10-02
276,2023-10-03,2023,10,October,4,40,1,Tuesday,False,Otoño,2023-10-03
277,2023-10-04,2023,10,October,4,40,2,Wednesday,False,Otoño,2023-10-04
278,2023-10-05,2023,10,October,4,40,3,Thursday,False,Otoño,2023-10-05
279,2023-10-06,2023,10,October,4,40,4,Friday,False,Otoño,2023-10-06
280,2023-10-07,2023,10,October,4,40,5,Saturday,True,Otoño,2023-10-07
281,2023-10-08,2023,10,October,4,40,6,Sunday,True,Otoño,2023-10-08
282,2023-10-09,2023,10,October,4,41,0,Monday,False,Otoño,2023-10-09
283,2023-10-10,2023,10,October,4,41,1,Tuesday,False,Otoño,2023-10-10
284,2023-10-11,2023,10,October,4,41,2,Wednesday,False,Otoño,2023-10-11
285,2023-10-12,2023,10,October,4,41,3,Thursday,False,Otoño,2023-10-12
286,2023-10-13,2023,10,October,4,41,4,Friday,False,Otoño,2023-10-13
287,2023-10-14,2023,10,October,4,41,5,Saturday,True,Otoño,2023-10-14
288,2023-10-15,2023,10,October,4,41,6,Sunday,True,Otoño,2023-10-15
289,2023-10-16,2023,10,October,4,42,0,Monday,False,Otoño,2023-10-16
290,2023-10-17,2023,10,October,4,42,1,Tuesday,False,Otoño,2023-10-17
291,2023-10-18,2023,10,October,4,42,2,Wednesday,False,Otoño,2023-10-18
292,2023-10-19,2023,10,October,4,42,3,Thursday,False,Otoño,2023-10-19
293,2023-10-20,2023,10,October,4,42,4,Friday,False,Otoño,2023-10-20
294,2023-10-21,2023,10,October,4,42,5,Saturday,True,Otoño,2023-10-21
295,2023-10-22,2023,10,October,4,42,6,Sunday,True,Otoño,2023-10-22
296,2023-10-23,2023,10,October,4,43,0,Monday,False,Otoño,2023-10-23
297,2023-10-24,2023,10,October,4,43,1,Tuesday,False,Otoño,2023-10-24
298,2023-10-25,2023,10,October,4,43,2,Wednesday,False,Otoño,2023-10-25
299,2023-10-26,2023,10,October,4,43,3,Thursday,False,Otoño,2023-10-26
300,2023-10-27,2023,10,October,4,43,4,Friday,False,Otoño,2023-10-27
301,2023-10-28,2023,10,October,4,43,5,Saturday,True,Otoño,2023-10-28
302,2023-10-29,2023,10,October,4,43,6,Sunday,True,Otoño,2023-10-29
303,2023-10-30,2023,10,October,4,44,0,Monday,False,Otoño,2023-10-30
304,2023-10-31,2023,10,October,4,44,1,Tuesday,False,Otoño,2023-10-31
305,2023-11-01,2023,11,November,4,44,2,Wednesday,False,Otoño,2023-11-01
306,2023-11-02,2023,11,November,4,44,3,Thursday,False,Otoño,2023-11-02
307,2023-11-03,2023,11,November,4,44,4,Friday,False,Otoño,2023-11-03
308,2023-11-04,2023,11,November,4,44,5,Saturday,True,Otoño,2023-11-04
309,2023-11-05,2023,11,November,4,44,6,Sunday,True,Otoño,2023-11-05
310,2023-11-06,2023,11,November,4,45,0,Monday,False,Otoño,2023-11-06
311,2023-11-07,2023,11,November,4,45,1,Tuesday,False,Otoño,2023-11-07
312,2023-11-08,2023,11,November,4,45,2,Wednesday,False,Otoño,2023-11-08
313,2023-11-09,2023,11,November,4,45,3,Thursday,False,Otoño,2023-11-09
314,2023-11-10,2023,11,November,4,45,4,Friday,False,Otoño,2023-11-10
315,2023-11-11,2023,11,November,4,45,5,Saturday,True,Otoño,2023-11-11
316,2023-11-12,2023,11,November,4,45,6,Sunday,True,Otoño,2023-11-12
317,2023-11-13,2023,11,November,4,46,0,Monday,False,Otoño,2023-11-13
318,2023-11-14,2023,11,November,4,46,1,Tuesday,False,Otoño,2023-11-14
319,2023-11-15,2023,11,November,4,46,2,Wednesday,False,Otoño,2023-11-15
320,2023-11-16,2023,11,November,4,46,3,Thursday,False,Otoño,2023-11-16
321,2023-11-17,2023,11,November,4,46,4,Friday,False,Otoño,2023-11-17
322,2023-11-18,2023,11,November,4,46,5,Saturday,True,Otoño,2023-11-18
323,2023-11-19,2023,11,November,4,46,6,Sunday,True,Otoño,2023-11-19
324,2023-11-20,2023,11,November,4,47,0,Monday,False,Otoño,2023-11-20
325,2023-11-21,2023,11,November,4,47,1,Tuesday,False,Otoño,2023-11-21
326,2023-11-22,2023,11,November,4,47,2,Wednesday,False,Otoño,2023-11-22
327,2023-11-23,2023,11,November,4,47,3,Thursday,False,Otoño,2023-11-23
328,2023-11-24,2023,11,November,4,47,4,Friday,False,Otoño,2023-11-24
329,2023-11-25,2023,11,November,4,47,5,Saturday,True,Otoño,2023-11-25
330,2023-11-26,2023,11,November,4,47,6,Sunday,True,Otoño,2023-11-26
331,2023-11-27,2023,11,November,4,48,0,Monday,False,Otoño,2023-11-27
332,2023-11-28,2023,11,November,4,48,1,Tuesday,False,Otoño,2023-11-28
333,2023-11-29,2023,11,November,4,48,2,Wednesday,False,Otoño,2023-11-29
334,2023-11-30,2023,11,November,4,48,3,Thursday,False,Otoño,2023-11-30
335,2023-12-01,2023,12,December,4,48,4,Friday,False,Invierno,2023-12-01
336,2023-12-02,2023,12,December,4,48,5,Saturday,True,Invierno,2023-12-02
337,2023-12-03,2023,12,December,4,48,6,Sunday,True,Invierno,2023-12-03
338,2023-12-04,2023,12,December,4,49,0,Monday,False,Invierno,2023-12-04
339,2023-12-05,2023,12,December,4,49,1,Tuesday,False,Invierno,2023-12-05
340,2023-12-06,2023,12,December,4,49,2,Wednesday,False,Invierno,2023-12-06
341,2023-12-07,2023,12,December,4,49,3,Thursday,False,Invierno,2023-12-07
342,2023-12-08,2023,12,December,4,49,4,Friday,False,Invierno,2023-12-08
343,2023-12-09,2023,12,December,4,49,5,Saturday,True,Invierno,2023-12-09
344,2023-12-10,2023,12,December,4,49,6,Sunday,True,Invierno,2023-12-10
345,2023-12-11,2023,12,December,4,50,0,Monday,False,Invierno,2023-12-11
346,2023-12-12,2023,12,December,4,50,1,Tuesday,False,Invierno,2023-12-12
347,2023-12-13,2023,12,December,4,50,2,Wednesday,False,Invierno,2023-12-13
348,2023-12-14,2023,12,December,4,50,3,Thursday,False,Invierno,2023-12-14
349,2023-12-15,2023,12,December,4,50,4,Friday,False,Invierno,2023-12-15
350,2023-12-16,2023,12,December,4,50,5,Saturday,True,Invierno,2023-12-16
351,2023-12-17,2023,12,December,4,50,6,Sunday,True,Invierno,2023-12-17
352,2023-12-18,2023,12,December,4,51,0,Monday,False,Invierno,2023-12-18
353,2023-12-19,2023,12,December,4,51,1,Tuesday,False,Invierno,2023-12-19
354,2023-12-20,2023,12,December,4,51,2,Wednesday,False,Invierno,2023-12-20
355,2023-12-21,2023,12,December,4,51,3,Thursday,False,Invierno,2023-12-21
356,2023-12-22,2023,12,December,4,51,4,Friday,False,Invierno,2023-12-22
357,2023-12-23,2023,12,December,4,51,5,Saturday,True,Invierno,2023-12-23
358,2023-12-24,2023,12,December,4,51,6,Sunday,True,Invierno,2023-12-24
359,2023-12-25,2023,12,December,4,52,0,Monday,False,Invierno,2023-12-25
360,2023-12-26,2023,12,December,4,52,1,Tuesday,False,Invierno,2023-12-26
361,2023-12-27,2023,12,December,4,52,2,Wednesday,False,Invierno,2023-12-27
362,2023-12-28,2023,12,December,4,52,3,Thursday,False,Invierno,2023-12-28
363,2023-12-29,2023,12,December,4,52,4,Friday,False,Invierno,2023-12-29
364,2023-12-30,2023,12,December,4,52,5,Saturday,True,Invierno,2023-12-30
365,2023-12-31,2023,12,December,4,52,6,Sunday,True,Invierno,2023-12-31
366,2024-01-01,2024,1,January,1,1,0,Monday,False,Invierno,2024-01-01
367,2024-01-02,2024,1,January,1,1,1,Tuesday,False,Invierno,2024-01-02
368,2024-01-03,2024,1,January,1,1,2,Wednesday,False,Invierno,2024-01-03
369,2024-01-04,2024,1,January,1,1,3,Thursday,False,Invierno,2024-01-04
370,2024-01-05,2024,1,January,1,1,4,Friday,False,Invierno,2024-01-05
371,2024-01-06,2024,1,January,1,1,5,Saturday,True,Invierno,2024-01-06
372,2024-01-07,2024,1,January,1,1,6,Sunday,True,Invierno,2024-01-07
373,2024-01-08,2024,1,January,1,2,0,Monday,False,Invierno,2024-01-08
374,2024-01-09,2024,1,January,1,2,1,Tuesday,False,Invierno,2024-01-09
375,2024-01-10,2024,1,January,1,2,2,Wednesday,False,Invierno,2024-01-10
376,2024-01-11,2024,1,January,1,2,3,Thursday,False,Invierno,2024-01-11
377,2024-01-12,2024,1,January,1,2,4,Friday,False,Invierno,2024-01-12
378,2024-01-13,2024,1,January,1,2,5,Saturday,True,Invierno,2024-01-13
379,2024-01-14,2024,1,January,1,2,6,Sunday,True,Invierno,2024-01-14
380,2024-01-15,2024,1,January,1,3,0,Monday,False,Invierno,2024-01-15
381,2024-01-16,2024,1,January,1,3,1,Tuesday,False,Invierno,2024-01-16
382,2024-01-17,2024,1,January,1,3,2,Wednesday,False,Invierno,2024-01-17
383,2024-01-18,2024,1,January,1,3,3,Thursday,False,Invierno,2024-01-18
384,2024-01-19,2024,1,January,1,3,4,Friday,False,Invierno,2024-01-19
385,2024-01-20,2024,1,January,1,3,5,Saturday,True,Invierno,2024-01-20
386,2024-01-21,2024,1,January,1,3,6,Sunday,True,Invierno,2024-01-21
387,2024-01-22,2024,1,January,1,4,0,Monday,False,Invierno,2024-01-22
388,2024-01-23,2024,1,January,1,4,1,Tuesday,False,Invierno,2024-01-23
389,2024-01-24,2024,1,January,1,4,2,Wednesday,False,Invierno,2024-01-24
390,2024-01-25,2024,1,January,1,4,3,Thursday,False,Invierno,2024-01-25
391,2024-01-26,2024,1,January,1,4,4,Friday,False,Invierno,2024-01-26
392,2024-01-27,2024,1,January,1,4,5,Saturday,True,Invierno,2024-01-27
393,2024-01-28,2024,1,January,1,4,6,Sunday,True,Invierno,2024-01-28
394,2024-01-29,2024,1,January,1,5,0,Monday,False,Invierno,2024-01-29
395,2024-01-30,2024,1,January,1,5,1,Tuesday,False,Invierno,2024-01-30
396,2024-01-31,2024,1,January,1,5,2,Wednesday,False,Invierno,2024-01-31
397,2024-02-01,2024,2,February,1,5,3,Thursday,False,Invierno,2024-02-01
398,2024-02-02,2024,2,February,1,5,4,Friday,False,Invierno,2024-02-02
399,2024-02-03,2024,2,February,1,5,5,Saturday,True,Invierno,2024-02-03
400,2024-02-04,2024,2,February,1,5,6,Sunday,True,Invierno,2024-02-04
401,2024-02-05,2024,2,February,1,6,0,Monday,False,Invierno,2024-02-05
402,2024-02-06,2024,2,February,1,6,1,Tuesday,False,Invierno,2024-02-06
403,2024-02-07,2024,2,February,1,6,2,Wednesday,False,Invierno,2024-02-07
404,2024-02-08,2024,2,February,1,6,3,Thursday,False,Invierno,2024-02-08
405,2024-02-09,2024,2,February,1,6,4,Friday,False,Invierno,2024-02-09
406,2024-02-10,2024,2,February,1,6,5,Saturday,True,Invierno,2024-02-10
407,2024-02-11,2024,2,February,1,6,6,Sunday,True,Invierno,2024-02-11
408,2024-02-12,2024,2,February,1,7,0,Monday,False,Invierno,2024-02-12
409,2024-02-13,2024,2,February,1,7,1,Tuesday,False,Invierno,2024-02-13
410,2024-02-14,2024,2,February,1,7,2,Wednesday,False,Invierno,2024-02-14
411,2024-02-15,2024,2,February,1,7,3,Thursday,False,Invierno,2024-02-15
412,2024-02-16,2024,2,February,1,7,4,Friday,False,Invierno,2024-02-16
413,2024-02-17,2024,2,February,1,7,5,Saturday,True,Invierno,2024-02-17
414,2024-02-18,2024,2,February,1,7,6,Sunday,True,Invierno,2024-02-18
415,2024-02-19,2024,2,February,1,8,0,Monday,False,Invierno,2024-02-19
416,2024-02-20,2024,2,February,1,8,1,Tuesday,False,Invierno,2024-02-20
417,2024-02-21,2024,2,February,1,8,2,Wednesday,False,Invierno,2024-02-21
418,2024-02-22,2024,2,February,1,8,3,Thursday,False,Invierno,2024-02-22
419,2024-02-23,2024,2,February,1,8,4,Friday,False,Invierno,2024-02-23
420,2024-02-24,2024,2,February,1,8,5,Saturday,True,Invierno,2024-02-24
421,2024-02-25,2024,2,February,1,8,6,Sunday,True,Invierno,2024-02-25
422,2024-02-26,2024,2,February,1,9,0,Monday,False,Invierno,2024-02-26
423,2024-02-27,2024,2,February,1,9,1,Tuesday,False,Invierno,2024-02-27
424,2024-02-28,2024,2,February,1,9,2,Wednesday,False,Invierno,2024-02-28
425,2024-02-29,2024,2,February,1,9,3,Thursday,False,Invierno,2024-02-29
426,2024-03-01,2024,3,March,1,9,4,Friday,False,Primavera,2024-03-01
427,2024-03-02,2024,3,March,1,9,5,Saturday,True,Primavera,2024-03-02
428,2024-03-03,2024,3,March,1,9,6,Sunday,True,Primavera,2024-03-03
429,2024-03-04,2024,3,March,1,10,0,Monday,False,Primavera,2024-03-04
430,2024-03-05,2024,3,March,1,10,1,Tuesday,False,Primavera,2024-03-05
431,2024-03-06,2024,3,March,1,10,2,Wednesday,False,Primavera,2024-03-06
432,2024-03-07,2024,3,March,1,10,3,Thursday,False,Primavera,2024-03-07
433,2024-03-08,2024,3,March,1,10,4,Friday,False,Primavera,2024-03-08
434,2024-03-09,2024,3,March,1,10,5,Saturday,True,Primavera,2024-03-09
435,2024-03-10,2024,3,March,1,10,6,Sunday,True,Primavera,2024-03-10
436,2024-03-11,2024,3,March,1,11,0,Monday,False,Primavera,2024-03-11
437,2024-03-12,2024,3,March,1,11,1,Tuesday,False,Primavera,2024-03-12
438,2024-03-13,2024,3,March,1,11,2,Wednesday,False,Primavera,2024-03-13
439,2024-03-14,2024,3,March,1,11,3,Thursday,False,Primavera,2024-03-14
440,2024-03-15,2024,3,March,1,11,4,Friday,False,Primavera,2024-03-15
441,2024-03-16,2024,3,March,1,11,5,Saturday,True,Primavera,2024-03-16
442,2024-03-17,2024,3,March,1,11,6,Sunday,True,Primavera,2024-03-17
443,2024-03-18,2024,3,March,1,12,0,Monday,False,Primavera,2024-03-18
444,2024-03-19,2024,3,March,1,12,1,Tuesday,False,Primavera,2024-03-19
445,2024-03-20,2024,3,March,1,12,2,Wednesday,False,Primavera,2024-03-20
446,2024-03-21,2024,3,March,1,12,3,Thursday,False,Primavera,2024-03-21
447,2024-03-22,2024,3,March,1,12,4,Friday,False,Primavera,2024-03-22
448,2024-03-23,2024,3,March,1,12,5,Saturday,True,Primavera,2024-03-23
449,2024-03-24,2024,3,March,1,12,6,Sunday,True,Primavera,2024-03-24
450,2024-03-25,2024,3,March,1,13,0,Monday,False,Primavera,2024-03-25
451,2024-03-26,2024,3,March,1,13,1,Tuesday,False,Primavera,2024-03-26
452,2024-03-27,2024,3,March,1,13,2,Wednesday,False,Primavera,2024-03-27
453,2024-03-28,2024,3,March,1,13,3,Thursday,False,Primavera,2024-03-28
454,2024-03-29,2024,3,March,1,13,4,Friday,False,Primavera,2024-03-29
455,2024-03-30,2024,3,March,1,13,5,Saturday,True,Primavera,2024-03-30
456,2024-03-31,2024,3,March,1,13,6,Sunday,True,Primavera,2024-03-31
457,2024-04-01,2024,4,April,2,14,0,Monday,False,Primavera,2024-04-01
458,2024-04-02,2024,4,April,2,14,1,Tuesday,False,Primavera,2024-04-02
459,2024-04-03,2024,4,April,2,14,2,Wednesday,False,Primavera,2024-04-03
460,2024-04-04,2024,4,April,2,14,3,Thursday,False,Primavera,2024-04-04
461,2024-04-05,2024,4,April,2,14,4,Friday,False,Primavera,2024-04-05
462,2024-04-06,2024,4,April,2,14,5,Saturday,True,Primavera,2024-04-06
463,2024-04-07,2024,4,April,2,14,6,Sunday,True,Primavera,2024-04-07
464,2024-04-08,2024,4,April,2,15,0,Monday,False,Primavera,2024-04-08
465,2024-04-09,2024,4,April,2,15,1,Tuesday,False,Primavera,2024-04-09
466,2024-04-10,2024,4,April,2,15,2,Wednesday,False,Primavera,2024-04-10
467,2024-04-11,2024,4,April,2,15,3,Thursday,False,Primavera,2024-04-11
468,2024-04-12,2024,4,April,2,15,4,Friday,False,Primavera,2024-04-12
469,2024-04-13,2024,4,April,2,15,5,Saturday,True,Primavera,2024-04-13
470,2024-04-14,2024,4,April,2,15,6,Sunday,True,Primavera,2024-04-14
471,2024-04-15,2024,4,April,2,16,0,Monday,False,Primavera,2024-04-15
472,2024-04-16,2024,4,April,2,16,1,Tuesday,False,Primavera,2024-04-16
473,2024-04-17,2024,4,April,2,16,2,Wednesday,False,Primavera,2024-04-17
474,2024-04-18,2024,4,April,2,16,3,Thursday,False,Primavera,2024-04-18
475,2024-04-19,2024,4,April,2,16,4,Friday,False,Primavera,2024-04-19
476,2024-04-20,2024,4,April,2,16,5,Saturday,True,Primavera,2024-04-20
477,2024-04-21,2024,4,April,2,16,6,Sunday,True,Primavera,2024-04-21
478,2024-04-22,2024,4,April,2,17,0,Monday,False,Primavera,2024-04-22
479,2024-04-23,2024,4,April,2,17,1,Tuesday,False,Primavera,2024-04-23
480,2024-04-24,2024,4,April,2,17,2,Wednesday,False,Primavera,2024-04-24
481,2024-04-25,2024,4,April,2,17,3,Thursday,False,Primavera,2024-04-25
482,2024-04-26,2024,4,April,2,17,4,Friday,False,Primavera,2024-04-26
483,2024-04-27,2024,4,April,2,17,5,Saturday,True,Primavera,2024-04-27
484,2024-04-28,2024,4,April,2,17,6,Sunday,True,Primavera,2024-04-28
485,2024-04-29,2024,4,April,2,18,0,Monday,False,Primavera,2024-04-29
486,2024-04-30,2024,4,April,2,18,1,Tuesday,False,Primavera,2024-04-30
487,2024-05-01,2024,5,May,2,18,2,Wednesday,False,Primavera,2024-05-01
488,2024-05-02,2024,5,May,2,18,3,Thursday,False,Primavera,2024-05-02
489,2024-05-03,2024,5,May,2,18,4,Friday,False,Primavera,2024-05-03
490,2024-05-04,2024,5,May,2,18,5,Saturday,True,Primavera,2024-05-04
491,2024-05-05,2024,5,May,2,18,6,Sunday,True,Primavera,2024-05-05
492,2024-05-06,2024,5,May,2,19,0,Monday,False,Primavera,2024-05-06
493,2024-05-07,2024,5,May,2,19,1,Tuesday,False,Primavera,2024-05-07
494,2024-05-08,2024,5,May,2,19,2,Wednesday,False,Primavera,2024-05-08
495,2024-05-09,2024,5,May,2,19,3,Thursday,False,Primavera,2024-05-09
496,2024-05-10,2024,5,May,2,19,4,Friday,False,Primavera,2024-05-10
497,2024-05-11,2024,5,May,2,19,5,Saturday,True,Primavera,2024-05-11
498,2024-05-12,2024,5,May,2,19,6,Sunday,True,Primavera,2024-05-12
499,2024-05-13,2024,5,May,2,20,0,Monday,False,Primavera,2024-05-13
500,2024-05-14,2024,5,May,2,20,1,Tuesday,False,Primavera,2024-05-14
501,2024-05-15,2024,5,May,2,20,2,Wednesday,False,Primavera,2024-05-15
502,2024-05-16,2024,5,May,2,20,3,Thursday,False,Primavera,2024-05-16
503,2024-05-17,2024,5,May,2,20,4,Friday,False,Primavera,2024-05-17
504,2024-05-18,2024,5,May,2,20,5,Saturday,True,Primavera,2024-05-18
505,2024-05-19,2024,5,May,2,20,6,Sunday,True,Primavera,2024-05-19
506,2024-05-20,2024,5,May,2,21,0,Monday,False,Primavera,2024-05-20
507,2024-05-21,2024,5,May,2,21,1,Tuesday,False,Primavera,2024-05-21
508,2024-05-22,2024,5,May,2,21,2,Wednesday,False,Primavera,2024-05-22
509,2024-05-23,2024,5,May,2,21,3,Thursday,False,Primavera,2024-05-23
510,2024-05-24,2024,5,May,2,21,4,Friday,False,Primavera,2024-05-24
511,2024-05-25,2024,5,May,2,21,5,Saturday,True,Primavera,2024-05-25
512,2024-05-26,2024,5,May,2,21,6,Sunday,True,Primavera,2024-05-26
513,2024-05-27,2024,5,May,2,22,0,Monday,False,Primavera,2024-05-27
514,2024-05-28,2024,5,May,2,22,1,Tuesday,False,Primavera,2024-05-28
515,2024-05-29,2024,5,May,2,22,2,Wednesday,False,Primavera,2024-05-29
516,2024-05-30,2024,5,May,2,22,3,Thursday,False,Primavera,2024-05-30
517,2024-05-31,2024,5,May,2,22,4,Friday,False,Primavera,2024-05-31
518,2024-06-01,2024,6,June,2,22,5,Saturday,True,Verano,2024-06-01
519,2024-06-02,2024,6,June,2,22,6,Sunday,True,Verano,2024-06-02
520,2024-06-03,2024,6,June,2,23,0,Monday,False,Verano,2024-06-03
521,2024-06-04,2024,6,June,2,23,1,Tuesday,False,Verano,2024-06-04
522,2024-06-05,2024,6,June,2,23,2,Wednesday,False,Verano,2024-06-05
523,2024-06-06,2024,6,June,2,23,3,Thursday,False,Verano,2024-06-06
524,2024-06-07,2024,6,June,2,23,4,Friday,False,Verano,2024-06-07
525,2024-06-08,2024,6,June,2,23,5,Saturday,True,Verano,2024-06-08
526,2024-06-09,2024,6,June,2,23,6,Sunday,True,Verano,2024-06-09
527,2024-06-10,2024,6,June,2,24,0,Monday,False,Verano,2024-06-10
528,2024-06-11,2024,6,June,2,24,1,Tuesday,False,Verano,2024-06-11
529,2024-06-12,2024,6,June,2,24,2,Wednesday,False,Verano,2024-06-12
530,2024-06-13,2024,6,June,2,24,3,Thursday,False,Verano,2024-06-13
531,2024-06-14,2024,6,June,2,24,4,Friday,False,Verano,2024-06-14
532,2024-06-15,2024,6,June,2,24,5,Saturday,True,Verano,2024-06-15
533,2024-06-16,2024,6,June,2,24,6,Sunday,True,Verano,2024-06-16
534,2024-06-17,2024,6,June,2,25,0,Monday,False,Verano,2024-06-17
535,2024-06-18,2024,6,June,2,25,1,Tuesday,False,Verano,2024-06-18
536,2024-06-19,2024,6,June,2,25,2,Wednesday,False,Verano,2024-06-19
537,2024-06-20,2024,6,June,2,25,3,Thursday,False,Verano,2024-06-20
538,2024-06-21,2024,6,June,2,25,4,Friday,False,Verano,2024-06-21
539,2024-06-22,2024,6,June,2,25,5,Saturday,True,Verano,2024-06-22
540,2024-06-23,2024,6,June,2,25,6,Sunday,True,Verano,2024-06-23
541,2024-06-24,2024,6,June,2,26,0,Monday,False,Verano,2024-06-24
542,2024-06-25,2024,6,June,2,26,1,Tuesday,False,Verano,2024-06-25
543,2024-06-26,2024,6,June,2,26,2,Wednesday,False,Verano,2024-06-26
544,2024-06-27,2024,6,June,2,26,3,Thursday,False,Verano,2024-06-27
545,2024-06-28,2024,6,June,2,26,4,Friday,False,Verano,2024-06-28
546,2024-06-29,2024,6,June,2,26,5,Saturday,True,Verano,2024-06-29
547,2024-06-30,2024,6,June,2,26,6,Sunday,True,Verano,2024-06-30
548,2024-07-01,2024,7,July,3,27,0,Monday,False,Verano,2024-07-01
549,2024-07-02,2024,7,July,3,27,1,Tuesday,False,Verano,2024-07-02
550,2024-07-03,2024,7,July,3,27,2,Wednesday,False,Verano,2024-07-03
551,2024-07-04,2024,7,July,3,27,3,Thursday,False,Verano,2024-07-04
552,2024-07-05,2024,7,July,3,27,4,Friday,False,Verano,2024-07-05
553,2024-07-06,2024,7,July,3,27,5,Saturday,True,Verano,2024-07-06
554,2024-07-07,2024,7,July,3,27,6,Sunday,True,Verano,2024-07-07
555,2024-07-08,2024,7,July,3,28,0,Monday,False,Verano,2024-07-08
556,2024-07-09,2024,7,July,3,28,1,Tuesday,False,Verano,2024-07-09
557,2024-07-10,2024,7,July,3,28,2,Wednesday,False,Verano,2024-07-10
558,2024-07-11,2024,7,July,3,28,3,Thursday,False,Verano,2024-07-11
559,2024-07-12,2024,7,July,3,28,4,Friday,False,Verano,2024-07-12
560,2024-07-13,2024,7,July,3,28,5,Saturday,True,Verano,2024-07-13
561,2024-07-14,2024,7,July,3,28,6,Sunday,True,Verano,2024-07-14
562,2024-07-15,2024,7,July,3,29,0,Monday,False,Verano,2024-07-15
563,2024-07-16,2024,7,July,3,29,1,Tuesday,False,Verano,2024-07-16
564,2024-07-17,2024,7,July,3,29,2,Wednesday,False,Verano,2024-07-17
565,2024-07-18,2024,7,July,3,29,3,Thursday,False,Verano,2024-07-18
566,2024-07-19,2024,7,July,3,29,4,Friday,False,Verano,2024-07-19
567,2024-07-20,2024,7,July,3,29,5,Saturday,True,Verano,2024-07-20
568,2024-07-21,2024,7,July,3,29,6,Sunday,True,Verano,2024-07-21
569,2024-07-22,2024,7,July,3,30,0,Monday,False,Verano,2024-07-22
570,2024-07-23,2024,7,July,3,30,1,Tuesday,False,Verano,2024-07-23
571,2024-07-24,2024,7,July,3,30,2,Wednesday,False,Verano,2024-07-24
572,2024-07-25,2024,7,July,3,30,3,Thursday,False,Verano,2024-07-25
573,2024-07-26,2024,7,July,3,30,4,Friday,False,Verano,2024-07-26
574,2024-07-27,2024,7,July,3,30,5,Saturday,True,Verano,2024-07-27
575,2024-07-28,2024,7,July,3,30,6,Sunday,True,Verano,2024-07-28
576,2024-07-29,2024,7,July,3,31,0,Monday,False,Verano,2024-07-29
577,2024-07-30,2024,7,July,3,31,1,Tuesday,False,Verano,2024-07-30
578,2024-07-31,2024,7,July,3,31,2,Wednesday,False,Verano,2024-07-31
579,2024-08-01,2024,8,August,3,31,3,Thursday,False,Verano,2024-08-01
580,2024-08-02,2024,8,August,3,31,4,Friday,False,Verano,2024-08-02
581,2024-08-03,2024,8,August,3,31,5,Saturday,True,Verano,2024-08-03
582,2024-08-04,2024,8,August,3,31,6,Sunday,True,Verano,2024-08-04
583,2024-08-05,2024,8,August,3,32,0,Monday,False,Verano,2024-08-05
584,2024-08-06,2024,8,August,3,32,1,Tuesday,False,Verano,2024-08-06
585,2024-08-07,2024,8,August,3,32,2,Wednesday,False,Verano,2024-08-07
586,2024-08-08,2024,8,August,3,32,3,Thursday,False,Verano,2024-08-08
587,2024-08-09,2024,8,August,3,32,4,Friday,False,Verano,2024-08-09
588,2024-08-10,2024,8,August,3,32,5,Saturday,True,Verano,2024-08-10
589,2024-08-11,2024,8,August,3,32,6,Sunday,True,Verano,2024-08-11
590,2024-08-12,2024,8,August,3,33,0,Monday,False,Verano,2024-08-12
591,2024-08-13,2024,8,August,3,33,1,Tuesday,False,Verano,2024-08-13
592,2024-08-14,2024,8,August,3,33,2,Wednesday,False,Verano,2024-08-14
593,2024-08-15,2024,8,August,3,33,3,Thursday,False,Verano,2024-08-15
594,2024-08-16,2024,8,August,3,33,4,Friday,False,Verano,2024-08-16
595,2024-08-17,2024,8,August,3,33,5,Saturday,True,Verano,2024-08-17
596,2024-08-18,2024,8,August,3,33,6,Sunday,True,Verano,2024-08-18
597,2024-08-19,2024,8,August,3,34,0,Monday,False,Verano,2024-08-19
598,2024-08-20,2024,8,August,3,34,1,Tuesday,False,Verano,2024-08-20
599,2024-08-21,2024,8,August,3,34,2,Wednesday,False,Verano,2024-08-21
600,2024-08-22,2024,8,August,3,34,3,Thursday,False,Verano,2024-08-22
601,2024-08-23,2024,8,August,3,34,4,Friday,False,Verano,2024-08-23
602,2024-08-24,2024,8,August,3,34,5,Saturday,True,Verano,2024-08-24
603,2024-08-25,2024,8,August,3,34,6,Sunday,True,Verano,2024-08-25
604,2024-08-26,2024,8,August,3,35,0,Monday,False,Verano,2024-08-26
605,2024-08-27,2024,8,August,3,35,1,Tuesday,False,Verano,2024-08-27
606,2024-08-28,2024,8,August,3,35,2,Wednesday,False,Verano,2024-08-28
607,2024-08-29,2024,8,August,3,35,3,Thursday,False,Verano,2024-08-29
608,2024-08-30,2024,8,August,3,35,4,Friday,False,Verano,2024-08-30
609,2024-08-31,2024,8,August,3,35,5,Saturday,True,Verano,2024-08-31
610,2024-09-01,2024,9,September,3,35,6,Sunday,True,Otoño,2024-09-01
611,2024-09-02,2024,9,September,3,36,0,Monday,False,Otoño,2024-09-02
612,2024-09-03,2024,9,September,3,36,1,Tuesday,False,Otoño,2024-09-03
613,2024-09-04,2024,9,September,3,36,2,Wednesday,False,Otoño,2024-09-04
614,2024-09-05,2024,9,September,3,36,3,Thursday,False,Otoño,2024-09-05
615,2024-09-06,2024,9,September,3,36,4,Friday,False,Otoño,2024-09-06
616,2024-09-07,2024,9,September,3,36,5,Saturday,True,Otoño,2024-09-07
617,2024-09-08,2024,9,September,3,36,6,Sunday,True,Otoño,2024-09-08
618,2024-09-09,2024,9,September,3,37,0,Monday,False,Otoño,2024-09-09
619,2024-09-10,2024,9,September,3,37,1,Tuesday,False,Otoño,2024-09-10
620,2024-09-11,2024,9,September,3,37,2,Wednesday,False,Otoño,2024-09-11
621,2024-09-12,2024,9,September,3,37,3,Thursday,False,Otoño,2024-09-12
622,2024-09-13,2024,9,September,3,37,4,Friday,False,Otoño,2024-09-13
623,2024-09-14,2024,9,September,3,37,5,Saturday,True,Otoño,2024-09-14
624,2024-09-15,2024,9,September,3,37,6,Sunday,True,Otoño,2024-09-15
625,2024-09-16,2024,9,September,3,38,0,Monday,False,Otoño,2024-09-16
626,2024-09-17,2024,9,September,3,38,1,Tuesday,False,Otoño,2024-09-17
627,2024-09-18,2024,9,September,3,38,2,Wednesday,False,Otoño,2024-09-18
628,2024-09-19,2024,9,September,3,38,3,Thursday,False,Otoño,2024-09-19
629,2024-09-20,2024,9,September,3,38,4,Friday,False,Otoño,2024-09-20
630,2024-09-21,2024,9,September,3,38,5,Saturday,True,Otoño,2024-09-21
631,2024-09-22,2024,9,September,3,38,6,Sunday,True,Otoño,2024-09-22
632,2024-09-23,2024,9,September,3,39,0,Monday,False,Otoño,2024-09-23
633,2024-09-24,2024,9,September,3,39,1,Tuesday,False,Otoño,2024-09-24
634,2024-09-25,2024,9,September,3,39,2,Wednesday,False,Otoño,2024-09-25
635,2024-09-26,2024,9,September,3,39,3,Thursday,False,Otoño,2024-09-26
636,2024-09-27,2024,9,September,3,39,4,Friday,False,Otoño,2024-09-27
637,2024-09-28,2024,9,September,3,39,5,Saturday,True,Otoño,2024-09-28
638,2024-09-29,2024,9,September,3,39,6,Sunday,True,Otoño,2024-09-29
639,2024-09-30,2024,9,September,3,40,0,Monday,False,Otoño,2024-09-30
640,2024-10-01,2024,10,October,4,40,1,Tuesday,False,Otoño,2024-10-01
641,2024-10-02,2024,10,October,4,40,2,Wednesday,False,Otoño,2024-10-02
642,2024-10-03,2024,10,October,4,40,3,Thursday,False,Otoño,2024-10-03
643,2024-10-04,2024,10,October,4,40,4,Friday,False,Otoño,2024-10-04
644,2024-10-05,2024,10,October,4,40,5,Saturday,True,Otoño,2024-10-05
645,2024-10-06,2024,10,October,4,40,6,Sunday,True,Otoño,2024-10-06
646,2024-10-07,2024,10,October,4,41,0,Monday,False,Otoño,2024-10-07
647,2024-10-08,2024,10,October,4,41,1,Tuesday,False,Otoño,2024-10-08
648,2024-10-09,2024,10,October,4,41,2,Wednesday,False,Otoño,2024-10-09
649,2024-10-10,2024,10,October,4,41,3,Thursday,False,Otoño,2024-10-10
650,2024-10-11,2024,10,October,4,41,4,Friday,False,Otoño,2024-10-11
651,2024-10-12,2024,10,October,4,41,5,Saturday,True,Otoño,2024-10-12
652,2024-10-13,2024,10,October,4,41,6,Sunday,True,Otoño,2024-10-13
653,2024-10-14,2024,10,October,4,42,0,Monday,False,Otoño,2024-10-14
654,2024-10-15,2024,10,October,4,42,1,Tuesday,False,Otoño,2024-10-15
655,2024-10-16,2024,10,October,4,42,2,Wednesday,False,Otoño,2024-10-16
656,2024-10-17,2024,10,October,4,42,3,Thursday,False,Otoño,2024-10-17
657,2024-10-18,2024,10,October,4,42,4,Friday,False,Otoño,2024-10-18
658,2024-10-19,2024,10,October,4,42,5,Saturday,True,Otoño,2024-10-19
659,2024-10-20,2024,10,October,4,42,6,Sunday,True,Otoño,2024-10-20
660,2024-10-21,2024,10,October,4,43,0,Monday,False,Otoño,2024-10-21
661,2024-10-22,2024,10,October,4,43,1,Tuesday,False,Otoño,2024-10-22
662,2024-10-23,2024,10,October,4,43,2,Wednesday,False,Otoño,2024-10-23
663,2024-10-24,2024,10,October,4,43,3,Thursday,False,Otoño,2024-10-24
664,2024-10-25,2024,10,October,4,43,4,Friday,False,Otoño,2024-10-25
665,2024-10-26,2024,10,October,4,43,5,Saturday,True,Otoño,2024-10-26
666,2024-10-27,2024,10,October,4,43,6,Sunday,True,Otoño,2024-10-27
667,2024-10-28,2024,10,October,4,44,0,Monday,False,Otoño,2024-10-28
668,2024-10-29,2024,10,October,4,44,1,Tuesday,False,Otoño,2024-10-29
669,2024-10-30,2024,10,October,4,44,2,Wednesday,False,Otoño,2024-10-30
670,2024-10-31,2024,10,October,4,44,3,Thursday,False,Otoño,2024-10-31
671,2024-11-01,2024,11,November,4,44,4,Friday,False,Otoño,2024-11-01
672,2024-11-02,2024,11,November,4,44,5,Saturday,True,Otoño,2024-11-02
673,2024-11-03,2024,11,November,4,44,6,Sunday,True,Otoño,2024-11-03
674,2024-11-04,2024,11,November,4,45,0,Monday,False,Otoño,2024-11-04
675,2024-11-05,2024,11,November,4,45,1,Tuesday,False,Otoño,2024-11-05
676,2024-11-06,2024,11,November,4,45,2,Wednesday,False,Otoño,2024-11-06
677,2024-11-07,2024,11,November,4,45,3,Thursday,False,Otoño,2024-11-07
678,2024-11-08,2024,11,November,4,45,4,Friday,False,Otoño,2024-11-08
679,2024-11-09,2024,11,November,4,45,5,Saturday,True,Otoño,2024-11-09
680,2024-11-10,2024,11,November,4,45,6,Sunday,True,Otoño,2024-11-10
681,2024-11-11,2024,11,November,4,46,0,Monday,False,Otoño,2024-11-11
682,2024-11-12,2024,11,November,4,46,1,Tuesday,False,Otoño,2024-11-12
683,2024-11-13,2024,11,November,4,46,2,Wednesday,False,Otoño,2024-11-13
684,2024-11-14,2024,11,November,4,46,3,Thursday,False,Otoño,2024-11-14
685,2024-11-15,2024,11,November,4,46,4,Friday,False,Otoño,2024-11-15
686,2024-11-16,2024,11,November,4,46,5,Saturday,True,Otoño,2024-11-16
687,2024-11-17,2024,11,November,4,46,6,Sunday,True,Otoño,2024-11-17
688,2024-11-18,2024,11,November,4,47,0,Monday,False,Otoño,2024-11-18
689,2024-11-19,2024,11,November,4,47,1,Tuesday,False,Otoño,2024-11-19
690,2024-11-20,2024,11,November,4,47,2,Wednesday,False,Otoño,2024-11-20
691,2024-11-21,2024,11,November,4,47,3,Thursday,False,Otoño,2024-11-21
692,2024-11-22,2024,11,November,4,47,4,Friday,False,Otoño,2024-11-22
693,2024-11-23,2024,11,November,4,47,5,Saturday,True,Otoño,2024-11-23
694,2024-11-24,2024,11,November,4,47,6,Sunday,True,Otoño,2024-11-24
695,2024-11-25,2024,11,November,4,48,0,Monday,False,Otoño,2024-11-25
696,2024-11-26,2024,11,November,4,48,1,Tuesday,False,Otoño,2024-11-26
697,2024-11-27,2024,11,November,4,48,2,Wednesday,False,Otoño,2024-11-27
698,2024-11-28,2024,11,November,4,48,3,Thursday,False,Otoño,2024-11-28
699,2024-11-29,2024,11,November,4,48,4,Friday,False,Otoño,2024-11-29
700,2024-11-30,2024,11,November,4,48,5,Saturday,True,Otoño,2024-11-30
701,2024-12-01,2024,12,December,4,48,6,Sunday,True,Invierno,2024-12-01
702,2024-12-02,2024,12,December,4,49,0,Monday,False,Invierno,2024-12-02
703,2024-12-03,2024,12,December,4,49,1,Tuesday,False,Invierno,2024-12-03
704,2024-12-04,2024,12,December,4,49,2,Wednesday,False,Invierno,2024-12-04
705,2024-12-05,2024,12,December,4,49,3,Thursday,False,Invierno,2024-12-05
706,2024-12-06,2024,12,December,4,49,4,Friday,False,Invierno,2024-12-06
707,2024-12-07,2024,12,December,4,49,5,Saturday,True,Invierno,2024-12-07
708,2024-12-08,2024,12,December,4,49,6,Sunday,True,Invierno,2024-12-08
709,2024-12-09,2024,12,December,4,50,0,Monday,False,Invierno,2024-12-09
710,2024-12-10,2024,12,December,4,50,1,Tuesday,False,Invierno,2024-12-10
711,2024-12-11,2024,12,December,4,50,2,Wednesday,False,Invierno,2024-12-11
712,2024-12-12,2024,12,December,4,50,3,Thursday,False,Invierno,2024-12-12
713,2024-12-13,2024,12,December,4,50,4,Friday,False,Invierno,2024-12-13
714,2024-12-14,2024,12,December,4,50,5,Saturday,True,Invierno,2024-12-14
715,2024-12-15,2024,12,December,4,50,6,Sunday,True,Invierno,2024-12-15
716,2024-12-16,2024,12,December,4,51,0,Monday,False,Invierno,2024-12-16
717,2024-12-17,2024,12,December,4,51,1,Tuesday,False,Invierno,2024-12-17
718,2024-12-18,2024,12,December,4,51,2,Wednesday,False,Invierno,2024-12-18
719,2024-12-19,2024,12,December,4,51,3,Thursday,False,Invierno,2024-12-19
720,2024-12-20,2024,12,December,4,51,4,Friday,False,Invierno,2024-12-20
721,2024-12-21,2024,12,December,4,51,5,Saturday,True,Invierno,2024-12-21
722,2024-12-22,2024,12,December,4,51,6,Sunday,True,Invierno,2024-12-22
723,2024-12-23,2024,12,December,4,52,0,Monday,False,Invierno,2024-12-23
724,2024-12-24,2024,12,December,4,52,1,Tuesday,False,Invierno,2024-12-24
725,2024-12-25,2024,12,December,4,52,2,Wednesday,False,Invierno,2024-12-25
726,2024-12-26,2024,12,December,4,52,3,Thursday,False,Invierno,2024-12-26
727,2024-12-27,2024,12,December,4,52,4,Friday,False,Invierno,2024-12-27
728,2024-12-28,2024,12,December,4,52,5,Saturday,True,Invierno,2024-12-28
729,2024-12-29,2024,12,December,4,52,6,Sunday,True,Invierno,2024-12-29
730,2024-12-30,2024,12,December,4,1,0,Monday,False,Invierno,2024-12-30
731,2024-12-31,2024,12,December,4,1,1,Tuesday,False,Invierno,2024-12-31
732,2025-01-01,2025,1,January,1,1,2,Wednesday,False,Invierno,2025-01-01
733,2025-01-02,2025,1,January,1,1,3,Thursday,False,Invierno,2025-01-02
734,2025-01-03,2025,1,January,1,1,4,Friday,False,Invierno,2025-01-03
735,2025-01-04,2025,1,January,1,1,5,Saturday,True,Invierno,2025-01-04
736,2025-01-05,2025,1,January,1,1,6,Sunday,True,Invierno,2025-01-05
737,2025-01-06,2025,1,January,1,2,0,Monday,False,Invierno,2025-01-06
738,2025-01-07,2025,1,January,1,2,1,Tuesday,False,Invierno,2025-01-07
739,2025-01-08,2025,1,January,1,2,2,Wednesday,False,Invierno,2025-01-08
740,2025-01-09,2025,1,January,1,2,3,Thursday,False,Invierno,2025-01-09
741,2025-01-10,2025,1,January,1,2,4,Friday,False,Invierno,2025-01-10
742,2025-01-11,2025,1,January,1,2,5,Saturday,True,Invierno,2025-01-11
743,2025-01-12,2025,1,January,1,2,6,Sunday,True,Invierno,2025-01-12
744,2025-01-13,2025,1,January,1,3,0,Monday,False,Invierno,2025-01-13
745,2025-01-14,2025,1,January,1,3,1,Tuesday,False,Invierno,2025-01-14
746,2025-01-15,2025,1,January,1,3,2,Wednesday,False,Invierno,2025-01-15
747,2025-01-16,2025,1,January,1,3,3,Thursday,False,Invierno,2025-01-16
748,2025-01-17,2025,1,January,1,3,4,Friday,False,Invierno,2025-01-17
749,2025-01-18,2025,1,January,1,3,5,Saturday,True,Invierno,2025-01-18
750,2025-01-19,2025,1,January,1,3,6,Sunday,True,Invierno,2025-01-19
751,2025-01-20,2025,1,January,1,4,0,Monday,False,Invierno,2025-01-20
752,2025-01-21,2025,1,January,1,4,1,Tuesday,False,Invierno,2025-01-21
753,2025-01-22,2025,1,January,1,4,2,Wednesday,False,Invierno,2025-01-22
754,2025-01-23,2025,1,January,1,4,3,Thursday,False,Invierno,2025-01-23
755,2025-01-24,2025,1,January,1,4,4,Friday,False,Invierno,2025-01-24
756,2025-01-25,2025,1,January,1,4,5,Saturday,True,Invierno,2025-01-25
757,2025-01-26,2025,1,January,1,4,6,Sunday,True,Invierno,2025-01-26
758,2025-01-27,2025,1,January,1,5,0,Monday,False,Invierno,2025-01-27
759,2025-01-28,2025,1,January,1,5,1,Tuesday,False,Invierno,2025-01-28
760,2025-01-29,2025,1,January,1,5,2,Wednesday,False,Invierno,2025-01-29
761,2025-01-30,2025,1,January,1,5,3,Thursday,False,Invierno,2025-01-30
762,2025-01-31,2025,1,January,1,5,4,Friday,False,Invierno,2025-01-31
763,2025-02-01,2025,2,February,1,5,5,Saturday,True,Invierno,2025-02-01
764,2025-02-02,2025,2,February,1,5,6,Sunday,True,Invierno,2025-02-02
765,2025-02-03,2025,2,February,1,6,0,Monday,False,Invierno,2025-02-03
766,2025-02-04,2025,2,February,1,6,1,Tuesday,False,Invierno,2025-02-04
767,2025-02-05,2025,2,February,1,6,2,Wednesday,False,Invierno,2025-02-05
768,2025-02-06,2025,2,February,1,6,3,Thursday,False,Invierno,2025-02-06
769,2025-02-07,2025,2,February,1,6,4,Friday,False,Invierno,2025-02-07
770,2025-02-08,2025,2,February,1,6,5,Saturday,True,Invierno,2025-02-08
771,2025-02-09,2025,2,February,1,6,6,Sunday,True,Invierno,2025-02-09
772,2025-02-10,2025,2,February,1,7,0,Monday,False,Invierno,2025-02-10
773,2025-02-11,2025,2,February,1,7,1,Tuesday,False,Invierno,2025-02-11
774,2025-02-12,2025,2,February,1,7,2,Wednesday,False,Invierno,2025-02-12
775,2025-02-13,2025,2,February,1,7,3,Thursday,False,Invierno,2025-02-13
776,2025-02-14,2025,2,February,1,7,4,Friday,False,Invierno,2025-02-14
777,2025-02-15,2025,2,February,1,7,5,Saturday,True,Invierno,2025-02-15
778,2025-02-16,2025,2,February,1,7,6,Sunday,True,Invierno,2025-02-16
779,2025-02-17,2025,2,February,1,8,0,Monday,False,Invierno,2025-02-17
780,2025-02-18,2025,2,February,1,8,1,Tuesday,False,Invierno,2025-02-18
781,2025-02-19,2025,2,February,1,8,2,Wednesday,False,Invierno,2025-02-19
782,2025-02-20,2025,2,February,1,8,3,Thursday,False,Invierno,2025-02-20
783,2025-02-21,2025,2,February,1,8,4,Friday,False,Invierno,2025-02-21
784,2025-02-22,2025,2,February,1,8,5,Saturday,True,Invierno,2025-02-22
785,2025-02-23,2025,2,February,1,8,6,Sunday,True,Invierno,2025-02-23
786,2025-02-24,2025,2,February,1,9,0,Monday,False,Invierno,2025-02-24
787,2025-02-25,2025,2,February,1,9,1,Tuesday,False,Invierno,2025-02-25
788,2025-02-26,2025,2,February,1,9,2,Wednesday,False,Invierno,2025-02-26
789,2025-02-27,2025,2,February,1,9,3,Thursday,False,Invierno,2025-02-27
790,2025-02-28,2025,2,February,1,9,4,Friday,False,Invierno,2025-02-28
791,2025-03-01,2025,3,March,1,9,5,Saturday,True,Primavera,2025-03-01
792,2025-03-02,2025,3,March,1,9,6,Sunday,True,Primavera,2025-03-02
793,2025-03-03,2025,3,March,1,10,0,Monday,False,Primavera,2025-03-03
794,2025-03-04,2025,3,March,1,10,1,Tuesday,False,Primavera,2025-03-04
795,2025-03-05,2025,3,March,1,10,2,Wednesday,False,Primavera,2025-03-05
796,2025-03-06,2025,3,March,1,10,3,Thursday,False,Primavera,2025-03-06
797,2025-03-07,2025,3,March,1,10,4,Friday,False,Primavera,2025-03-07
798,2025-03-08,2025,3,March,1,10,5,Saturday,True,Primavera,2025-03-08
799,2025-03-09,2025,3,March,1,10,6,Sunday,True,Primavera,2025-03-09
800,2025-03-10,2025,3,March,1,11,0,Monday,False,Primavera,2025-03-10
801,2025-03-11,2025,3,March,1,11,1,Tuesday,False,Primavera,2025-03-11
802,2025-03-12,2025,3,March,1,11,2,Wednesday,False,Primavera,2025-03-12
803,2025-03-13,2025,3,March,1,11,3,Thursday,False,Primavera,2025-03-13
804,2025-03-14,2025,3,March,1,11,4,Friday,False,Primavera,2025-03-14
805,2025-03-15,2025,3,March,1,11,5,Saturday,True,Primavera,2025-03-15
806,2025-03-16,2025,3,March,1,11,6,Sunday,True,Primavera,2025-03-16
807,2025-03-17,2025,3,March,1,12,0,Monday,False,Primavera,2025-03-17
808,2025-03-18,2025,3,March,1,12,1,Tuesday,False,Primavera,2025-03-18
809,2025-03-19,2025,3,March,1,12,2,Wednesday,False,Primavera,2025-03-19
810,2025-03-20,2025,3,March,1,12,3,Thursday,False,Primavera,2025-03-20
811,2025-03-21,2025,3,March,1,12,4,Friday,False,Primavera,2025-03-21
812,2025-03-22,2025,3,March,1,12,5,Saturday,True,Primavera,2025-03-22
813,2025-03-23,2025,3,March,1,12,6,Sunday,True,Primavera,2025-03-23
814,2025-03-24,2025,3,March,1,13,0,Monday,False,Primavera,2025-03-24
815,2025-03-25,2025,3,March,1,13,1,Tuesday,False,Primavera,2025-03-25
816,2025-03-26,2025,3,March,1,13,2,Wednesday,False,Primavera,2025-03-26
817,2025-03-27,2025,3,March,1,13,3,Thursday,False,Primavera,2025-03-27
818,2025-03-28,2025,3,March,1,13,4,Friday,False,Primavera,2025-03-28
819,2025-03-29,2025,3,March,1,13,5,Saturday,True,Primavera,2025-03-29
820,2025-03-30,2025,3,March,1,13,6,Sunday,True,Primavera,2025-03-30
821,2025-03-31,2025,3,March,1,14,0,Monday,False,Primavera,2025-03-31
822,2025-04-01,2025,4,April,2,14,1,Tuesday,False,Primavera,2025-04-01
823,2025-04-02,2025,4,April,2,14,2,Wednesday,False,Primavera,2025-04-02
824,2025-04-03,2025,4,April,2,14,3,Thursday,False,Primavera,2025-04-03
825,2025-04-04,2025,4,April,2,14,4,Friday,False,Primavera,2025-04-04
826,2025-04-05,2025,4,April,2,14,5,Saturday,True,Primavera,2025-04-05
827,2025-04-06,2025,4,April,2,14,6,Sunday,True,Primavera,2025-04-06
828,2025-04-07,2025,4,April,2,15,0,Monday,False,Primavera,2025-04-07
829,2025-04-08,2025,4,April,2,15,1,Tuesday,False,Primavera,2025-04-08
830,2025-04-09,2025,4,April,2,15,2,Wednesday,False,Primavera,2025-04-09
831,2025-04-10,2025,4,April,2,15,3,Thursday,False,Primavera,2025-04-10
832,2025-04-11,2025,4,April,2,15,4,Friday,False,Primavera,2025-04-11
833,2025-04-12,2025,4,April,2,15,5,Saturday,True,Primavera,2025-04-12
834,2025-04-13,2025,4,April,2,15,6,Sunday,True,Primavera,2025-04-13
835,2025-04-14,2025,4,April,2,16,0,Monday,False,Primavera,2025-04-14
836,2025-04-15,2025,4,April,2,16,1,Tuesday,False,Primavera,2025-04-15
837,2025-04-16,2025,4,April,2,16,2,Wednesday,False,Primavera,2025-04-16
838,2025-04-17,2025,4,April,2,16,3,Thursday,False,Primavera,2025-04-17
839,2025-04-18,2025,4,April,2,16,4,Friday,False,Primavera,2025-04-18
840,2025-04-19,2025,4,April,2,16,5,Saturday,True,Primavera,2025-04-19
841,2025-04-20,2025,4,April,2,16,6,Sunday,True,Primavera,2025-04-20
842,2025-04-21,2025,4,April,2,17,0,Monday,False,Primavera,2025-04-21
843,2025-04-22,2025,4,April,2,17,1,Tuesday,False,Primavera,2025-04-22
844,2025-04-23,2025,4,April,2,17,2,Wednesday,False,Primavera,2025-04-23
845,2025-04-24,2025,4,April,2,17,3,Thursday,False,Primavera,2025-04-24
846,2025-04-25,2025,4,April,2,17,4,Friday,False,Primavera,2025-04-25
847,2025-04-26,2025,4,April,2,17,5,Saturday,True,Primavera,2025-04-26
848,2025-04-27,2025,4,April,2,17,6,Sunday,True,Primavera,2025-04-27
849,2025-04-28,2025,4,April,2,18,0,Monday,False,Primavera,2025-04-28
850,2025-04-29,2025,4,April,2,18,1,Tuesday,False,Primavera,2025-04-29
851,2025-04-30,2025,4,April,2,18,2,Wednesday,False,Primavera,2025-04-30
852,2025-05-01,2025,5,May,2,18,3,Thursday,False,Primavera,2025-05-01
853,2025-05-02,2025,5,May,2,18,4,Friday,False,Primavera,2025-05-02
854,2025-05-03,2025,5,May,2,18,5,Saturday,True,Primavera,2025-05-03
855,2025-05-04,2025,5,May,2,18,6,Sunday,True,Primavera,2025-05-04
856,2025-05-05,2025,5,May,2,19,0,Monday,False,Primavera,2025-05-05
857,2025-05-06,2025,5,May,2,19,1,Tuesday,False,Primavera,2025-05-06
858,2025-05-07,2025,5,May,2,19,2,Wednesday,False,Primavera,2025-05-07
859,2025-05-08,2025,5,May,2,19,3,Thursday,False,Primavera,2025-05-08
860,2025-05-09,2025,5,May,2,19,4,Friday,False,Primavera,2025-05-09
861,2025-05-10,2025,5,May,2,19,5,Saturday,True,Primavera,2025-05-10
862,2025-05-11,2025,5,May,2,19,6,Sunday,True,Primavera,2025-05-11
863,2025-05-12,2025,5,May,2,20,0,Monday,False,Primavera,2025-05-12
864,2025-05-13,2025,5,May,2,20,1,Tuesday,False,Primavera,2025-05-13
865,2025-05-14,2025,5,May,2,20,2,Wednesday,False,Primavera,2025-05-14
866,2025-05-15,2025,5,May,2,20,3,Thursday,False,Primavera,2025-05-15
867,2025-05-16,2025,5,May,2,20,4,Friday,False,Primavera,2025-05-16
868,2025-05-17,2025,5,May,2,20,5,Saturday,True,Primavera,2025-05-17
869,2025-05-18,2025,5,May,2,20,6,Sunday,True,Primavera,2025-05-18
870,2025-05-19,2025,5,May,2,21,0,Monday,False,Primavera,2025-05-19
871,2025-05-20,2025,5,May,2,21,1,Tuesday,False,Primavera,2025-05-20
872,2025-05-21,2025,5,May,2,21,2,Wednesday,False,Primavera,2025-05-21
873,2025-05-22,2025,5,May,2,21,3,Thursday,False,Primavera,2025-05-22
874,2025-05-23,2025,5,May,2,21,4,Friday,False,Primavera,2025-05-23
875,2025-05-24,2025,5,May,2,21,5,Saturday,True,Primavera,2025-05-24
876,2025-05-25,2025,5,May,2,21,6,Sunday,True,Primavera,2025-05-25
877,2025-05-26,2025,5,May,2,22,0,Monday,False,Primavera,2025-05-26
878,2025-05-27,2025,5,May,2,22,1,Tuesday,False,Primavera,2025-05-27
879,2025-05-28,2025,5,May,2,22,2,Wednesday,False,Primavera,2025-05-28
880,2025-05-29,2025,5,May,2,22,3,Thursday,False,Primavera,2025-05-29
881,2025-05-30,2025,5,May,2,22,4,Friday,False,Primavera,2025-05-30
882,2025-05-31,2025,5,May,2,22,5,Saturday,True,Primavera,2025-05-31
883,2025-06-01,2025,6,June,2,22,6,Sunday,True,Verano,2025-06-01
884,2025-06-02,2025,6,June,2,23,0,Monday,False,Verano,2025-06-02
885,2025-06-03,2025,6,June,2,23,1,Tuesday,False,Verano,2025-06-03
886,2025-06-04,2025,6,June,2,23,2,Wednesday,False,Verano,2025-06-04
887,2025-06-05,2025,6,June,2,23,3,Thursday,False,Verano,2025-06-05
888,2025-06-06,2025,6,June,2,23,4,Friday,False,Verano,2025-06-06
889,2025-06-07,2025,6,June,2,23,5,Saturday,True,Verano,2025-06-07
890,2025-06-08,2025,6,June,2,23,6,Sunday,True,Verano,2025-06-08
891,2025-06-09,2025,6,June,2,24,0,Monday,False,Verano,2025-06-09
892,2025-06-10,2025,6,June,2,24,1,Tuesday,False,Verano,2025-06-10
893,2025-06-11,2025,6,June,2,24,2,Wednesday,False,Verano,2025-06-11
894,2025-06-12,2025,6,June,2,24,3,Thursday,False,Verano,2025-06-12
895,2025-06-13,2025,6,June,2,24,4,Friday,False,Verano,2025-06-13
896,2025-06-14,2025,6,June,2,24,5,Saturday,True,Verano,2025-06-14
897,2025-06-15,2025,6,June,2,24,6,Sunday,True,Verano,2025-06-15
898,2025-06-16,2025,6,June,2,25,0,Monday,False,Verano,2025-06-16
899,2025-06-17,2025,6,June,2,25,1,Tuesday,False,Verano,2025-06-17
900,2025-06-18,2025,6,June,2,25,2,Wednesday,False,Verano,2025-06-18
901,2025-06-19,2025,6,June,2,25,3,Thursday,False,Verano,2025-06-19
902,2025-06-20,2025,6,June,2,25,4,Friday,False,Verano,2025-06-20
903,2025-06-21,2025,6,June,2,25,5,Saturday,True,Verano,2025-06-21
904,2025-06-22,2025,6,June,2,25,6,Sunday,True,Verano,2025-06-22
905,2025-06-23,2025,6,June,2,26,0,Monday,False,Verano,2025-06-23
906,2025-06-24,2025,6,June,2,26,1,Tuesday,False,Verano,2025-06-24
907,2025-06-25,2025,6,June,2,26,2,Wednesday,False,Verano,2025-06-25
908,2025-06-26,2025,6,June,2,26,3,Thursday,False,Verano,2025-06-26
909,2025-06-27,2025,6,June,2,26,4,Friday,False,Verano,2025-06-27
910,2025-06-28,2025,6,June,2,26,5,Saturday,True,Verano,2025-06-28
911,2025-06-29,2025,6,June,2,26,6,Sunday,True,Verano,2025-06-29
912,2025-06-30,2025,6,June,2,27,0,Monday,False,Verano,2025-06-30
913,2025-07-01,2025,7,July,3,27,1,Tuesday,False,Verano,2025-07-01
914,2025-07-02,2025,7,July,3,27,2,Wednesday,False,Verano,2025-07-02
915,2025-07-03,2025,7,July,3,27,3,Thursday,False,Verano,2025-07-03
916,2025-07-04,2025,7,July,3,27,4,Friday,False,Verano,2025-07-04
917,2025-07-05,2025,7,July,3,27,5,Saturday,True,Verano,2025-07-05
918,2025-07-06,2025,7,July,3,27,6,Sunday,True,Verano,2025-07-06
919,2025-07-07,2025,7,July,3,28,0,Monday,False,Verano,2025-07-07
920,2025-07-08,2025,7,July,3,28,1,Tuesday,False,Verano,2025-07-08
921,2025-07-09,2025,7,July,3,28,2,Wednesday,False,Verano,2025-07-09
922,2025-07-10,2025,7,July,3,28,3,Thursday,False,Verano,2025-07-10
923,2025-07-11,2025,7,July,3,28,4,Friday,False,Verano,2025-07-11
924,2025-07-12,2025,7,July,3,28,5,Saturday,True,Verano,2025-07-12
925,2025-07-13,2025,7,July,3,28,6,Sunday,True,Verano,2025-07-13
926,2025-07-14,2025,7,July,3,29,0,Monday,False,Verano,2025-07-14
927,2025-07-15,2025,7,July,3,29,1,Tuesday,False,Verano,2025-07-15
928,2025-07-16,2025,7,July,3,29,2,Wednesday,False,Verano,2025-07-16
929,2025-07-17,2025,7,July,3,29,3,Thursday,False,Verano,2025-07-17
930,2025-07-18,2025,7,July,3,29,4,Friday,False,Verano,2025-07-18
931,2025-07-19,2025,7,July,3,29,5,Saturday,True,Verano,2025-07-19
932,2025-07-20,2025,7,July,3,29,6,Sunday,True,Verano,2025-07-20
933,2025-07-21,2025,7,July,3,30,0,Monday,False,Verano,2025-07-21
934,2025-07-22,2025,7,July,3,30,1,Tuesday,False,Verano,2025-07-22
935,2025-07-23,2025,7,July,3,30,2,Wednesday,False,Verano,2025-07-23
936,2025-07-24,2025,7,July,3,30,3,Thursday,False,Verano,2025-07-24
937,2025-07-25,2025,7,July,3,30,4,Friday,False,Verano,2025-07-25
938,2025-07-26,2025,7,July,3,30,5,Saturday,True,Verano,2025-07-26
939,2025-07-27,2025,7,July,3,30,6,Sunday,True,Verano,2025-07-27
940,2025-07-28,2025,7,July,3,31,0,Monday,False,Verano,2025-07-28
941,2025-07-29,2025,7,July,3,31,1,Tuesday,False,Verano,2025-07-29
942,2025-07-30,2025,7,July,3,31,2,Wednesday,False,Verano,2025-07-30
943,2025-07-31,2025,7,July,3,31,3,Thursday,False,Verano,2025-07-31
944,2025-08-01,2025,8,August,3,31,4,Friday,False,Verano,2025-08-01
945,2025-08-02,2025,8,August,3,31,5,Saturday,True,Verano,2025-08-02
946,2025-08-03,2025,8,August,3,31,6,Sunday,True,Verano,2025-08-03
947,2025-08-04,2025,8,August,3,32,0,Monday,False,Verano,2025-08-04
948,2025-08-05,2025,8,August,3,32,1,Tuesday,False,Verano,2025-08-05
949,2025-08-06,2025,8,August,3,32,2,Wednesday,False,Verano,2025-08-06
950,2025-08-07,2025,8,August,3,32,3,Thursday,False,Verano,2025-08-07
951,2025-08-08,2025,8,August,3,32,4,Friday,False,Verano,2025-08-08
952,2025-08-09,2025,8,August,3,32,5,Saturday,True,Verano,2025-08-09
953,2025-08-10,2025,8,August,3,32,6,Sunday,True,Verano,2025-08-10
954,2025-08-11,2025,8,August,3,33,0,Monday,False,Verano,2025-08-11
955,2025-08-12,2025,8,August,3,33,1,Tuesday,False,Verano,2025-08-12
956,2025-08-13,2025,8,August,3,33,2,Wednesday,False,Verano,2025-08-13
957,2025-08-14,2025,8,August,3,33,3,Thursday,False,Verano,2025-08-14
958,2025-08-15,2025,8,August,3,33,4,Friday,False,Verano,2025-08-15
959,2025-08-16,2025,8,August,3,33,5,Saturday,True,Verano,2025-08-16
960,2025-08-17,2025,8,August,3,33,6,Sunday,True,Verano,2025-08-17
961,2025-08-18,2025,8,August,3,34,0,Monday,False,Verano,2025-08-18
962,2025-08-19,2025,8,August,3,34,1,Tuesday,False,Verano,2025-08-19
963,2025-08-20,2025,8,August,3,34,2,Wednesday,False,Verano,2025-08-20
964,2025-08-21,2025,8,August,3,34,3,Thursday,False,Verano,2025-08-21
965,2025-08-22,2025,8,August,3,34,4,Friday,False,Verano,2025-08-22
966,2025-08-23,2025,8,August,3,34,5,Saturday,True,Verano,2025-08-23
967,2025-08-24,2025,8,August,3,34,6,Sunday,True,Verano,2025-08-24
968,2025-08-25,2025,8,August,3,35,0,Monday,False,Verano,2025-08-25
969,2025-08-26,2025,8,August,3,35,1,Tuesday,False,Verano,2025-08-26
970,2025-08-27,2025,8,August,3,35,2,Wednesday,False,Verano,2025-08-27
971,2025-08-28,2025,8,August,3,35,3,Thursday,False,Verano,2025-08-28
972,2025-08-29,2025,8,August,3,35,4,Friday,False,Verano,2025-08-29
973,2025-08-30,2025,8,August,3,35,5,Saturday,True,Verano,2025-08-30
974,2025-08-31,2025,8,August,3,35,6,Sunday,True,Verano,2025-08-31
975,2025-09-01,2025,9,September,3,36,0,Monday,False,Otoño,2025-09-01
976,2025-09-02,2025,9,September,3,36,1,Tuesday,False,Otoño,2025-09-02
977,2025-09-03,2025,9,September,3,36,2,Wednesday,False,Otoño,2025-09-03
978,2025-09-04,2025,9,September,3,36,3,Thursday,False,Otoño,2025-09-04
979,2025-09-05,2025,9,September,3,36,4,Friday,False,Otoño,2025-09-05
980,2025-09-06,2025,9,September,3,36,5,Saturday,True,Otoño,2025-09-06
981,2025-09-07,2025,9,September,3,36,6,Sunday,True,Otoño,2025-09-07
982,2025-09-08,2025,9,September,3,37,0,Monday,False,Otoño,2025-09-08
983,2025-09-09,2025,9,September,3,37,1,Tuesday,False,Otoño,2025-09-09
984,2025-09-10,2025,9,September,3,37,2,Wednesday,False,Otoño,2025-09-10
985,2025-09-11,2025,9,September,3,37,3,Thursday,False,Otoño,2025-09-11
986,2025-09-12,2025,9,September,3,37,4,Friday,False,Otoño,2025-09-12
987,2025-09-13,2025,9,September,3,37,5,Saturday,True,Otoño,2025-09-13
988,2025-09-14,2025,9,September,3,37,6,Sunday,True,Otoño,2025-09-14
989,2025-09-15,2025,9,September,3,38,0,Monday,False,Otoño,2025-09-15
990,2025-09-16,2025,9,September,3,38,1,Tuesday,False,Otoño,2025-09-16
991,2025-09-17,2025,9,September,3,38,2,Wednesday,False,Otoño,2025-09-17
992,2025-09-18,2025,9,September,3,38,3,Thursday,False,Otoño,2025-09-18
993,2025-09-19,2025,9,September,3,38,4,Friday,False,Otoño,2025-09-19
994,2025-09-20,2025,9,September,3,38,5,Saturday,True,Otoño,2025-09-20
995,2025-09-21,2025,9,September,3,38,6,Sunday,True,Otoño,2025-09-21
996,2025-09-22,2025,9,September,3,39,0,Monday,False,Otoño,2025-09-22
997,2025-09-23,2025,9,September,3,39,1,Tuesday,False,Otoño,2025-09-23
998,2025-09-24,2025,9,September,3,39,2,Wednesday,False,Otoño,2025-09-24
999,2025-09-25,2025,9,September,3,39,3,Thursday,False,Otoño,2025-09-25
1000,2025-09-26,2025,9,September,3,39,4,Friday,False,Otoño,2025-09-26
1001,2025-09-27,2025,9,September,3,39,5,Saturday,True,Otoño,2025-09-27
1002,2025-09-28,2025,9,September,3,39,6,Sunday,True,Otoño,2025-09-28
1003,2025-09-29,2025,9,September,3,40,0,Monday,False,Otoño,2025-09-29
1004,2025-09-30,2025,9,September,3,40,1,Tuesday,False,Otoño,2025-09-30
1005,2025-10-01,2025,10,October,4,40,2,Wednesday,False,Otoño,2025-10-01
1006,2025-10-02,2025,10,October,4,40,3,Thursday,False,Otoño,2025-10-02
1007,2025-10-03,2025,10,October,4,40,4,Friday,False,Otoño,2025-10-03
1008,2025-10-04,2025,10,October,4,40,5,Saturday,True,Otoño,2025-10-04
1009,2025-10-05,2025,10,October,4,40,6,Sunday,True,Otoño,2025-10-05
1010,2025-10-06,2025,10,October,4,41,0,Monday,False,Otoño,2025-10-06
1011,2025-10-07,2025,10,October,4,41,1,Tuesday,False,Otoño,2025-10-07
1012,2025-10-08,2025,10,October,4,41,2,Wednesday,False,Otoño,2025-10-08
1013,2025-10-09,2025,10,October,4,41,3,Thursday,False,Otoño,2025-10-09
1014,2025-10-10,2025,10,October,4,41,4,Friday,False,Otoño,2025-10-10
1015,2025-10-11,2025,10,October,4,41,5,Saturday,True,Otoño,2025-10-11
1016,2025-10-12,2025,10,October,4,41,6,Sunday,True,Otoño,2025-10-12
1017,2025-10-13,2025,10,October,4,42,0,Monday,False,Otoño,2025-10-13
1018,2025-10-14,2025,10,October,4,42,1,Tuesday,False,Otoño,2025-10-14
1019,2025-10-15,2025,10,October,4,42,2,Wednesday,False,Otoño,2025-10-15
1020,2025-10-16,2025,10,October,4,42,3,Thursday,False,Otoño,2025-10-16
1021,2025-10-17,2025,10,October,4,42,4,Friday,False,Otoño,2025-10-17
1022,2025-10-18,2025,10,October,4,42,5,Saturday,True,Otoño,2025-10-18
1023,2025-10-19,2025,10,October,4,42,6,Sunday,True,Otoño,2025-10-19
1024,2025-10-20,2025,10,October,4,43,0,Monday,False,Otoño,2025-10-20
1025,2025-10-21,2025,10,October,4,43,1,Tuesday,False,Otoño,2025-10-21
1026,2025-10-22,2025,10,October,4,43,2,Wednesday,False,Otoño,2025-10-22
1027,2025-10-23,2025,10,October,4,43,3,Thursday,False,Otoño,2025-10-23
1028,2025-10-24,2025,10,October,4,43,4,Friday,False,Otoño,2025-10-24
1029,2025-10-25,2025,10,October,4,43,5,Saturday,True,Otoño,2025-10-25
1030,2025-10-26,2025,10,October,4,43,6,Sunday,True,Otoño,2025-10-26
1031,2025-10-27,2025,10,October,4,44,0,Monday,False,Otoño,2025-10-27
1032,2025-10-28,2025,10,October,4,44,1,Tuesday,False,Otoño,2025-10-28
1033,2025-10-29,2025,10,October,4,44,2,Wednesday,False,Otoño,2025-10-29
1034,2025-10-30,2025,10,October,4,44,3,Thursday,False,Otoño,2025-10-30
1035,2025-10-31,2025,10,October,4,44,4,Friday,False,Otoño,2025-10-31
1036,2025-11-01,2025,11,November,4,44,5,Saturday,True,Otoño,2025-11-01
1037,2025-11-02,2025,11,November,4,44,6,Sunday,True,Otoño,2025-11-02
1038,2025-11-03,2025,11,November,4,45,0,Monday,False,Otoño,2025-11-03
1039,2025-11-04,2025,11,November,4,45,1,Tuesday,False,Otoño,2025-11-04
1040,2025-11-05,2025,11,November,4,45,2,Wednesday,False,Otoño,2025-11-05
1041,2025-11-06,2025,11,November,4,45,3,Thursday,False,Otoño,2025-11-06
1042,2025-11-07,2025,11,November,4,45,4,Friday,False,Otoño,2025-11-07
1043,2025-11-08,2025,11,November,4,45,5,Saturday,True,Otoño,2025-11-08
1044,2025-11-09,2025,11,November,4,45,6,Sunday,True,Otoño,2025-11-09
1045,2025-11-10,2025,11,November,4,46,0,Monday,False,Otoño,2025-11-10
1046,2025-11-11,2025,11,November,4,46,1,Tuesday,False,Otoño,2025-11-11
1047,2025-11-12,2025,11,November,4,46,2,Wednesday,False,Otoño,2025-11-12
1048,2025-11-13,2025,11,November,4,46,3,Thursday,False,Otoño,2025-11-13
1049,2025-11-14,2025,11,November,4,46,4,Friday,False,Otoño,2025-11-14
1050,2025-11-15,2025,11,November,4,46,5,Saturday,True,Otoño,2025-11-15
1051,2025-11-16,2025,11,November,4,46,6,Sunday,True,Otoño,2025-11-16
1052,2025-11-17,2025,11,November,4,47,0,Monday,False,Otoño,2025-11-17
1053,2025-11-18,2025,11,November,4,47,1,Tuesday,False,Otoño,2025-11-18
1054,2025-11-19,2025,11,November,4,47,2,Wednesday,False,Otoño,2025-11-19
1055,2025-11-20,2025,11,November,4,47,3,Thursday,False,Otoño,2025-11-20
1056,2025-11-21,2025,11,November,4,47,4,Friday,False,Otoño,2025-11-21
1057,2025-11-22,2025,11,November,4,47,5,Saturday,True,Otoño,2025-11-22
1058,2025-11-23,2025,11,November,4,47,6,Sunday,True,Otoño,2025-11-23
1059,2025-11-24,2025,11,November,4,48,0,Monday,False,Otoño,2025-11-24
1060,2025-11-25,2025,11,November,4,48,1,Tuesday,False,Otoño,2025-11-25
1061,2025-11-26,2025,11,November,4,48,2,Wednesday,False,Otoño,2025-11-26
1062,2025-11-27,2025,11,November,4,48,3,Thursday,False,Otoño,2025-11-27
1063,2025-11-28,2025,11,November,4,48,4,Friday,False,Otoño,2025-11-28
1064,2025-11-29,2025,11,November,4,48,5,Saturday,True,Otoño,2025-11-29
1065,2025-11-30,2025,11,November,4,48,6,Sunday,True,Otoño,2025-11-30
1066,2025-12-01,2025,12,December,4,49,0,Monday,False,Invierno,2025-12-01
1067,2025-12-02,2025,12,December,4,49,1,Tuesday,False,Invierno,2025-12-02
1068,2025-12-03,2025,12,December,4,49,2,Wednesday,False,Invierno,2025-12-03
1069,2025-12-04,2025,12,December,4,49,3,Thursday,False,Invierno,2025-12-04
1070,2025-12-05,2025,12,December,4,49,4,Friday,False,Invierno,2025-12-05
1071,2025-12-06,2025,12,December,4,49,5,Saturday,True,Invierno,2025-12-06
1072,2025-12-07,2025,12,December,4,49,6,Sunday,True,Invierno,2025-12-07
1073,2025-12-08,2025,12,December,4,50,0,Monday,False,Invierno,2025-12-08
1074,2025-12-09,2025,12,December,4,50,1,Tuesday,False,Invierno,2025-12-09
1075,2025-12-10,2025,12,December,4,50,2,Wednesday,False,Invierno,2025-12-10
1076,2025-12-11,2025,12,December,4,50,3,Thursday,False,Invierno,2025-12-11
1077,2025-12-12,2025,12,December,4,50,4,Friday,False,Invierno,2025-12-12
1078,2025-12-13,2025,12,December,4,50,5,Saturday,True,Invierno,2025-12-13
1079,2025-12-14,2025,12,December,4,50,6,Sunday,True,Invierno,2025-12-14
1080,2025-12-15,2025,12,December,4,51,0,Monday,False,Invierno,2025-12-15
1081,2025-12-16,2025,12,December,4,51,1,Tuesday,False,Invierno,2025-12-16
1082,2025-12-17,2025,12,December,4,51,2,Wednesday,False,Invierno,2025-12-17
1083,2025-12-18,2025,12,December,4,51,3,Thursday,False,Invierno,2025-12-18
1084,2025-12-19,2025,12,December,4,51,4,Friday,False,Invierno,2025-12-19
1085,2025-12-20,2025,12,December,4,51,5,Saturday,True,Invierno,2025-12-20
1086,2025-12-21,2025,12,December,4,51,6,Sunday,True,Invierno,2025-12-21
1087,2025-12-22,2025,12,December,4,52,0,Monday,False,Invierno,2025-12-22
1088,2025-12-23,2025,12,December,4,52,1,Tuesday,False,Invierno,2025-12-23
1089,2025-12-24,2025,12,December,4,52,2,Wednesday,False,Invierno,2025-12-24
1090,2025-12-25,2025,12,December,4,52,3,Thursday,False,Invierno,2025-12-25
1091,2025-12-26,2025,12,December,4,52,4,Friday,False,Invierno,2025-12-26
1092,2025-12-27,2025,12,December,4,52,5,Saturday,True,Invierno,2025-12-27
1093,2025-12-28,2025,12,December,4,52,6,Sunday,True,Invierno,2025-12-28
1094,2025-12-29,2025,12,December,4,1,0,Monday,False,Invierno,2025-12-29
1095,2025-12-30,2025,12,December,4,1,1,Tuesday,False,Invierno,2025-12-30
1096,2025-12-31,2025,12,December,4,1,2,Wednesday,False,Invierno,2025-12-31
