id_cliente,nombre,email,id_ciudad,fecha_registro,segmento,edad,genero
1,Cliente_0001,cliente0001@email.com,12,2023-12-20,Residencial,18,F
2,Cliente_0002,cliente0002@email.com,9,2023-07-16,PYME,39,F
3,Cliente_0003,cliente0003@email.com,10,2020-04-30,Residencial,43,F
4,Cliente_0004,cliente0004@email.com,10,2021-04-13,PYME,35,F
5,Cliente_0005,cliente0005@email.com,12,2020-05-18,PYME,67,F
6,Cliente_0006,cliente0006@email.com,1,2020-03-05,Residencial,31,M
7,Cliente_0007,cliente0007@email.com,13,2024-10-26,Residencial,64,M
8,Cliente_0008,cliente0008@email.com,6,2021-11-07,Educativo,46,F
9,Cliente_0009,cliente0009@email.com,7,2020-05-25,Residencial,29,M
10,Cliente_0010,cliente0010@email.com,14,2022-11-18,PYME,53,M
11,Cliente_0011,cliente0011@email.com,13,2021-05-02,Residencial,52,M
12,Cliente_0012,cliente0012@email.com,8,2021-07-24,Residencial,69,F
13,Cliente_0013,cliente0013@email.com,10,2023-10-02,Residencial,29,F
14,Cliente_0014,cliente0014@email.com,9,2022-09-21,Residencial,24,F
15,Cliente_0015,cliente0015@email.com,2,2021-03-14,Residencial,46,F
16,Cliente_0016,cliente0016@email.com,11,2023-01-09,PYME,28,F
17,Cliente_0017,cliente0017@email.com,10,2020-09-27,Residencial,50,M
18,Cliente_0018,cliente0018@email.com,2,2024-01-21,Residencial,23,F
19,Cliente_0019,cliente0019@email.com,5,2023-03-15,Residencial,64,M
20,Cliente_0020,cliente0020@email.com,13,2023-03-26,Residencial,32,F
21,Cliente_0021,cliente0021@email.com,5,2022-08-26,Residencial,49,F
22,Cliente_0022,cliente0022@email.com,6,2021-05-12,PYME,68,M
23,Cliente_0023,cliente0023@email.com,3,2024-05-25,PYME,28,M
24,Cliente_0024,cliente0024@email.com,8,2022-08-26,Residencial,40,M
25,Cliente_0025,cliente0025@email.com,13,2024-07-11,Corporativo,43,M
26,Cliente_0026,cliente0026@email.com,1,2022-04-13,PYME,51,M
27,Cliente_0027,cliente0027@email.com,6,2021-01-24,Residencial,63,F
28,Cliente_0028,cliente0028@email.com,4,2020-07-12,Educativo,51,F
29,Cliente_0029,cliente0029@email.com,1,2020-07-17,Educativo,46,F
30,Cliente_0030,cliente0030@email.com,15,2023-09-11,Residencial,21,F
31,Cliente_0031,cliente0031@email.com,7,2022-06-01,Residencial,34,F
32,Cliente_0032,cliente0032@email.com,9,2021-12-26,Educativo,52,F
33,Cliente_0033,cliente0033@email.com,13,2022-05-17,PYME,30,M
34,Cliente_0034,cliente0034@email.com,4,2022-04-21,Residencial,58,F
35,Cliente_0035,cliente0035@email.com,4,2022-08-14,PYME,56,M
36,Cliente_0036,cliente0036@email.com,6,2024-11-04,Corporativo,32,Otro
37,Cliente_0037,cliente0037@email.com,12,2024-02-02,PYME,46,F
38,Cliente_0038,cliente0038@email.com,15,2020-04-20,PYME,46,F
39,Cliente_0039,cliente0039@email.com,3,2023-10-11,Corporativo,28,M
40,Cliente_0040,cliente0040@email.com,13,2023-08-31,Residencial,69,F
41,Cliente_0041,cliente0041@email.com,12,2023-08-16,Residencial,49,F
42,Cliente_0042,cliente0042@email.com,6,2020-07-20,PYME,19,M
43,Cliente_0043,cliente0043@email.com,7,2020-05-04,Corporativo,64,M
44,Cliente_0044,cliente0044@email.com,11,2022-04-04,Residencial,31,F
45,Cliente_0045,cliente0045@email.com,10,2024-01-31,PYME,37,M
46,Cliente_0046,cliente0046@email.com,10,2021-11-25,PYME,39,F
47,Cliente_0047,cliente0047@email.com,3,2024-06-27,Residencial,28,M
48,Cliente_0048,cliente0048@email.com,7,2024-10-30,PYME,44,M
49,Cliente_0049,cliente0049@email.com,14,2020-08-11,Corporativo,20,F
50,Cliente_0050,cliente0050@email.com,3,2021-05-24,PYME,34,M
51,Cliente_0051,cliente0051@email.com,13,2021-01-27,Residencial,61,F
52,Cliente_0052,cliente0052@email.com,13,2021-01-24,Residencial,45,M
53,Cliente_0053,cliente0053@email.com,2,2023-01-03,PYME,46,M
54,Cliente_0054,cliente0054@email.com,12,2022-07-07,Residencial,38,F
55,Cliente_0055,cliente0055@email.com,14,2020-10-14,Residencial,64,F
56,Cliente_0056,cliente0056@email.com,10,2022-05-14,Residencial,33,F
57,Cliente_0057,cliente0057@email.com,4,2021-01-10,Residencial,54,F
58,Cliente_0058,cliente0058@email.com,12,2021-07-24,Residencial,37,F
59,Cliente_0059,cliente0059@email.com,8,2022-08-05,Residencial,23,M
60,Cliente_0060,cliente0060@email.com,13,2021-05-26,Residencial,36,M
61,Cliente_0061,cliente0061@email.com,15,2024-11-25,Residencial,22,F
62,Cliente_0062,cliente0062@email.com,9,2020-06-03,PYME,20,F
63,Cliente_0063,cliente0063@email.com,7,2022-06-26,PYME,18,F
64,Cliente_0064,cliente0064@email.com,1,2024-07-12,Residencial,55,M
65,Cliente_0065,cliente0065@email.com,3,2024-10-30,Corporativo,32,M
66,Cliente_0066,cliente0066@email.com,13,2024-10-19,Residencial,51,F
67,Cliente_0067,cliente0067@email.com,12,2023-02-01,PYME,52,F
68,Cliente_0068,cliente0068@email.com,14,2020-07-19,PYME,66,F
69,Cliente_0069,cliente0069@email.com,9,2020-04-13,Educativo,42,F
70,Cliente_0070,cliente0070@email.com,15,2023-08-28,PYME,41,F
71,Cliente_0071,cliente0071@email.com,12,2023-01-12,PYME,29,M
72,Cliente_0072,cliente0072@email.com,1,2024-09-08,PYME,35,M
73,Cliente_0073,cliente0073@email.com,9,2020-01-31,Residencial,32,M
74,Cliente_0074,cliente0074@email.com,8,2020-07-10,Residencial,61,M
75,Cliente_0075,cliente0075@email.com,1,2024-03-23,PYME,33,F
76,Cliente_0076,cliente0076@email.com,6,2024-10-04,Residencial,44,M
77,Cliente_0077,cliente0077@email.com,5,2021-04-29,PYME,25,F
78,Cliente_0078,cliente0078@email.com,6,2020-12-06,Residencial,63,M
79,Cliente_0079,cliente0079@email.com,10,2022-04-12,Residencial,42,M
80,Cliente_0080,cliente0080@email.com,12,2022-09-21,Residencial,34,M
81,Cliente_0081,cliente0081@email.com,13,2022-09-12,Residencial,46,M
82,Cliente_0082,cliente0082@email.com,13,2021-03-13,PYME,25,F
83,Cliente_0083,cliente0083@email.com,13,2024-11-05,Residencial,32,M
84,Cliente_0084,cliente0084@email.com,15,2022-04-01,Residencial,44,F
85,Cliente_0085,cliente0085@email.com,5,2020-04-30,Residencial,63,M
86,Cliente_0086,cliente0086@email.com,6,2020-12-03,Residencial,67,M
87,Cliente_0087,cliente0087@email.com,5,2022-02-15,PYME,69,M
88,Cliente_0088,cliente0088@email.com,11,2020-01-05,Residencial,24,F
89,Cliente_0089,cliente0089@email.com,12,2022-03-10,PYME,20,F
90,Cliente_0090,cliente0090@email.com,5,2021-06-27,PYME,46,M
91,Cliente_0091,cliente0091@email.com,4,2024-05-24,PYME,61,M
92,Cliente_0092,cliente0092@email.com,3,2024-05-26,PYME,41,F
93,Cliente_0093,cliente0093@email.com,3,2022-07-20,Corporativo,20,M
94,Cliente_0094,cliente0094@email.com,4,2021-08-07,Educativo,37,M
95,Cliente_0095,cliente0095@email.com,9,2022-05-16,Residencial,63,F
96,Cliente_0096,cliente0096@email.com,2,2023-11-27,Residencial,32,F
97,Cliente_0097,cliente0097@email.com,15,2024-02-05,Residencial,42,M
98,Cliente_0098,cliente0098@email.com,9,2024-05-23,Residencial,47,F
99,Cliente_0099,cliente0099@email.com,1,2023-02-12,PYME,31,F
100,Cliente_0100,cliente0100@email.com,14,2023-09-17,Corporativo,24,M
101,Cliente_0101,cliente0101@email.com,15,2024-01-11,Residencial,34,F
102,Cliente_0102,cliente0102@email.com,15,2022-09-23,Residencial,61,F
103,Cliente_0103,cliente0103@email.com,1,2020-11-13,Residencial,37,M
104,Cliente_0104,cliente0104@email.com,5,2021-01-23,PYME,53,M
105,Cliente_0105,cliente0105@email.com,6,2021-08-30,PYME,26,M
106,Cliente_0106,cliente0106@email.com,6,2021-03-21,Residencial,55,F
107,Cliente_0107,cliente0107@email.com,3,2020-04-29,Corporativo,65,M
108,Cliente_0108,cliente0108@email.com,7,2023-04-01,PYME,39,F
109,Cliente_0109,cliente0109@email.com,9,2024-02-15,Residencial,19,F
110,Cliente_0110,cliente0110@email.com,11,2023-01-15,PYME,41,M
111,Cliente_0111,cliente0111@email.com,12,2020-05-04,PYME,25,F
112,Cliente_0112,cliente0112@email.com,10,2024-03-11,Residencial,28,M
113,Cliente_0113,cliente0113@email.com,8,2021-10-04,Residencial,30,F
114,Cliente_0114,cliente0114@email.com,6,2020-04-27,Residencial,34,F
115,Cliente_0115,cliente0115@email.com,12,2020-04-12,Residencial,25,M
116,Cliente_0116,cliente0116@email.com,8,2023-04-11,Corporativo,38,M
117,Cliente_0117,cliente0117@email.com,12,2022-09-03,Corporativo,35,M
118,Cliente_0118,cliente0118@email.com,5,2022-10-26,Residencial,47,M
119,Cliente_0119,cliente0119@email.com,8,2024-10-12,Residencial,35,M
120,Cliente_0120,cliente0120@email.com,10,2022-12-23,Residencial,63,M
121,Cliente_0121,cliente0121@email.com,12,2020-11-18,Residencial,64,Otro
122,Cliente_0122,cliente0122@email.com,4,2020-04-26,Corporativo,48,M
123,Cliente_0123,cliente0123@email.com,10,2022-11-06,Residencial,55,M
124,Cliente_0124,cliente0124@email.com,8,2020-06-13,Residencial,49,F
125,Cliente_0125,cliente0125@email.com,10,2024-10-09,Residencial,28,M
126,Cliente_0126,cliente0126@email.com,12,2021-01-15,PYME,62,Otro
127,Cliente_0127,cliente0127@email.com,2,2020-05-20,Residencial,42,F
128,Cliente_0128,cliente0128@email.com,12,2023-05-03,PYME,50,F
129,Cliente_0129,cliente0129@email.com,12,2020-05-19,Residencial,55,M
130,Cliente_0130,cliente0130@email.com,5,2023-10-14,PYME,58,M
131,Cliente_0131,cliente0131@email.com,9,2024-10-31,PYME,25,M
132,Cliente_0132,cliente0132@email.com,4,2021-04-26,Residencial,28,F
133,Cliente_0133,cliente0133@email.com,11,2022-04-06,Residencial,39,M
134,Cliente_0134,cliente0134@email.com,6,2020-09-02,Corporativo,68,M
135,Cliente_0135,cliente0135@email.com,15,2023-03-12,Educativo,41,Otro
136,Cliente_0136,cliente0136@email.com,1,2021-05-19,Residencial,58,M
137,Cliente_0137,cliente0137@email.com,9,2023-03-31,Residencial,34,M
138,Cliente_0138,cliente0138@email.com,1,2023-05-02,Corporativo,29,M
139,Cliente_0139,cliente0139@email.com,5,2020-03-22,PYME,63,Otro
140,Cliente_0140,cliente0140@email.com,4,2023-06-22,Residencial,49,M
141,Cliente_0141,cliente0141@email.com,13,2020-06-16,Corporativo,32,F
142,Cliente_0142,cliente0142@email.com,12,2022-05-08,Residencial,33,F
143,Cliente_0143,cliente0143@email.com,13,2023-09-08,PYME,39,M
144,Cliente_0144,cliente0144@email.com,13,2023-04-10,Residencial,45,F
145,Cliente_0145,cliente0145@email.com,14,2023-03-03,Residencial,37,M
146,Cliente_0146,cliente0146@email.com,3,2022-12-06,Residencial,50,M
147,Cliente_0147,cliente0147@email.com,13,2021-10-09,PYME,27,F
148,Cliente_0148,cliente0148@email.com,6,2021-06-18,Residencial,57,F
149,Cliente_0149,cliente0149@email.com,2,2021-02-22,Residencial,49,F
150,Cliente_0150,cliente0150@email.com,3,2023-10-03,Residencial,67,F
151,Cliente_0151,cliente0151@email.com,5,2024-01-06,Residencial,50,M
152,Cliente_0152,cliente0152@email.com,15,2021-10-05,Educativo,19,M
153,Cliente_0153,cliente0153@email.com,9,2021-05-03,Residencial,50,M
154,Cliente_0154,cliente0154@email.com,2,2021-06-27,PYME,50,M
155,Cliente_0155,cliente0155@email.com,10,2022-03-21,Corporativo,58,M
156,Cliente_0156,cliente0156@email.com,8,2020-09-25,Residencial,30,M
157,Cliente_0157,cliente0157@email.com,14,2023-10-07,Residencial,47,M
158,Cliente_0158,cliente0158@email.com,2,2023-08-14,Residencial,50,M
159,Cliente_0159,cliente0159@email.com,11,2021-09-06,Residencial,30,F
160,Cliente_0160,cliente0160@email.com,13,2022-07-25,Residencial,69,F
161,Cliente_0161,cliente0161@email.com,5,2021-10-09,Residencial,43,M
162,Cliente_0162,cliente0162@email.com,7,2024-03-19,PYME,39,F
163,Cliente_0163,cliente0163@email.com,8,2020-05-28,Residencial,56,F
164,Cliente_0164,cliente0164@email.com,1,2020-01-20,Residencial,19,M
165,Cliente_0165,cliente0165@email.com,6,2022-07-27,PYME,55,F
166,Cliente_0166,cliente0166@email.com,1,2023-06-26,Residencial,56,F
167,Cliente_0167,cliente0167@email.com,2,2023-02-27,Corporativo,43,F
168,Cliente_0168,cliente0168@email.com,15,2020-07-23,PYME,63,M
169,Cliente_0169,cliente0169@email.com,1,2020-05-30,Residencial,67,F
170,Cliente_0170,cliente0170@email.com,11,2023-01-06,PYME,32,M
171,Cliente_0171,cliente0171@email.com,5,2021-03-12,Residencial,51,F
172,Cliente_0172,cliente0172@email.com,10,2022-11-02,Residencial,59,F
173,Cliente_0173,cliente0173@email.com,15,2021-06-27,Residencial,61,F
174,Cliente_0174,cliente0174@email.com,9,2020-09-28,Residencial,66,F
175,Cliente_0175,cliente0175@email.com,6,2021-12-15,PYME,57,F
176,Cliente_0176,cliente0176@email.com,11,2020-05-20,Residencial,28,M
177,Cliente_0177,cliente0177@email.com,11,2024-12-05,Residencial,20,M
178,Cliente_0178,cliente0178@email.com,1,2021-05-15,Residencial,23,F
179,Cliente_0179,cliente0179@email.com,13,2022-01-26,PYME,26,M
180,Cliente_0180,cliente0180@email.com,1,2021-08-06,Residencial,23,M
181,Cliente_0181,cliente0181@email.com,2,2020-11-19,Corporativo,26,M
182,Cliente_0182,cliente0182@email.com,9,2022-06-16,Residencial,56,M
183,Cliente_0183,cliente0183@email.com,3,2024-09-03,Corporativo,48,F
184,Cliente_0184,cliente0184@email.com,15,2023-01-17,Educativo,49,F
185,Cliente_0185,cliente0185@email.com,1,2023-12-11,Corporativo,58,F
186,Cliente_0186,cliente0186@email.com,5,2021-09-11,Corporativo,67,F
187,Cliente_0187,cliente0187@email.com,7,2023-06-06,Residencial,29,M
188,Cliente_0188,cliente0188@email.com,6,2024-07-10,PYME,25,M
189,Cliente_0189,cliente0189@email.com,12,2023-09-01,Residencial,25,F
190,Cliente_0190,cliente0190@email.com,1,2022-12-19,Residencial,67,M
191,Cliente_0191,cliente0191@email.com,5,2020-01-17,Residencial,45,F
192,Cliente_0192,cliente0192@email.com,15,2023-09-29,PYME,37,F
193,Cliente_0193,cliente0193@email.com,5,2024-07-31,Residencial,64,M
194,Cliente_0194,cliente0194@email.com,6,2023-02-09,PYME,24,F
195,Cliente_0195,cliente0195@email.com,3,2021-09-05,Corporativo,28,F
196,Cliente_0196,cliente0196@email.com,5,2023-09-20,PYME,37,F
197,Cliente_0197,cliente0197@email.com,7,2020-07-31,PYME,33,M
198,Cliente_0198,cliente0198@email.com,5,2024-12-03,Corporativo,21,M
199,Cliente_0199,cliente0199@email.com,5,2020-10-02,Educativo,23,F
200,Cliente_0200,cliente0200@email.com,5,2021-06-25,PYME,39,M
201,Cliente_0201,cliente0201@email.com,10,2020-08-24,Corporativo,43,M
202,Cliente_0202,cliente0202@email.com,10,2020-08-07,Educativo,20,F
203,Cliente_0203,cliente0203@email.com,3,2024-02-29,Educativo,58,M
204,Cliente_0204,cliente0204@email.com,1,2023-02-07,Residencial,59,F
205,Cliente_0205,cliente0205@email.com,5,2020-11-14,Residencial,31,F
206,Cliente_0206,cliente0206@email.com,14,2021-07-11,Residencial,28,F
207,Cliente_0207,cliente0207@email.com,9,2021-07-31,Residencial,35,M
208,Cliente_0208,cliente0208@email.com,14,2023-05-23,PYME,29,F
209,Cliente_0209,cliente0209@email.com,1,2021-03-07,PYME,40,M
210,Cliente_0210,cliente0210@email.com,3,2024-01-09,Corporativo,29,M
211,Cliente_0211,cliente0211@email.com,13,2021-12-03,Residencial,30,F
212,Cliente_0212,cliente0212@email.com,13,2021-02-20,Corporativo,42,M
213,Cliente_0213,cliente0213@email.com,4,2023-11-08,PYME,62,M
214,Cliente_0214,cliente0214@email.com,14,2023-07-22,PYME,68,F
215,Cliente_0215,cliente0215@email.com,1,2024-10-12,Corporativo,36,M
216,Cliente_0216,cliente0216@email.com,1,2021-06-24,PYME,63,M
217,Cliente_0217,cliente0217@email.com,8,2022-11-01,Residencial,53,F
218,Cliente_0218,cliente0218@email.com,2,2022-09-27,Corporativo,62,F
219,Cliente_0219,cliente0219@email.com,12,2021-05-29,Residencial,25,F
220,Cliente_0220,cliente0220@email.com,15,2024-09-28,Residencial,46,M
221,Cliente_0221,cliente0221@email.com,8,2020-04-14,Corporativo,49,M
222,Cliente_0222,cliente0222@email.com,7,2020-07-08,Residencial,68,M
223,Cliente_0223,cliente0223@email.com,10,2023-07-23,PYME,61,M
224,Cliente_0224,cliente0224@email.com,10,2022-05-17,Residencial,35,F
225,Cliente_0225,cliente0225@email.com,2,2024-08-25,Corporativo,23,M
226,Cliente_0226,cliente0226@email.com,6,2021-07-20,Residencial,35,M
227,Cliente_0227,cliente0227@email.com,6,2020-03-31,Educativo,36,F
228,Cliente_0228,cliente0228@email.com,3,2020-01-08,PYME,39,F
229,Cliente_0229,cliente0229@email.com,11,2021-11-14,Residencial,54,F
230,Cliente_0230,cliente0230@email.com,2,2024-04-28,PYME,49,M
231,Cliente_0231,cliente0231@email.com,12,2020-09-24,Educativo,58,M
232,Cliente_0232,cliente0232@email.com,1,2023-07-28,Residencial,20,M
233,Cliente_0233,cliente0233@email.com,6,2021-06-20,Residencial,45,M
234,Cliente_0234,cliente0234@email.com,12,2020-11-26,Residencial,27,F
235,Cliente_0235,cliente0235@email.com,5,2024-02-27,Residencial,68,F
236,Cliente_0236,cliente0236@email.com,14,2022-06-23,PYME,52,F
237,Cliente_0237,cliente0237@email.com,14,2023-02-03,PYME,46,F
238,Cliente_0238,cliente0238@email.com,11,2023-12-16,Residencial,32,M
239,Cliente_0239,cliente0239@email.com,9,2022-05-25,Residencial,50,F
240,Cliente_0240,cliente0240@email.com,1,2023-02-22,PYME,24,M
241,Cliente_0241,cliente0241@email.com,15,2020-01-20,Residencial,29,F
242,Cliente_0242,cliente0242@email.com,15,2020-08-17,Residencial,66,F
243,Cliente_0243,cliente0243@email.com,7,2020-06-03,Corporativo,47,M
244,Cliente_0244,cliente0244@email.com,15,2023-11-16,PYME,38,M
245,Cliente_0245,cliente0245@email.com,5,2020-11-01,PYME,48,Otro
246,Cliente_0246,cliente0246@email.com,5,2023-01-22,Corporativo,41,M
247,Cliente_0247,cliente0247@email.com,14,2020-03-14,Residencial,37,M
248,Cliente_0248,cliente0248@email.com,2,2024-09-05,Corporativo,54,M
249,Cliente_0249,cliente0249@email.com,11,2022-01-26,Residencial,21,F
250,Cliente_0250,cliente0250@email.com,3,2023-04-07,Residencial,45,F
251,Cliente_0251,cliente0251@email.com,7,2023-02-05,Residencial,61,F
252,Cliente_0252,cliente0252@email.com,6,2020-10-30,Residencial,37,M
253,Cliente_0253,cliente0253@email.com,12,2022-05-30,PYME,41,F
254,Cliente_0254,cliente0254@email.com,2,2020-09-18,Residencial,67,M
255,Cliente_0255,cliente0255@email.com,6,2020-03-26,Residencial,66,F
256,Cliente_0256,cliente0256@email.com,2,2021-09-23,Residencial,68,F
257,Cliente_0257,cliente0257@email.com,2,2022-01-16,Residencial,49,M
258,Cliente_0258,cliente0258@email.com,2,2024-06-18,PYME,58,M
259,Cliente_0259,cliente0259@email.com,14,2024-10-28,Residencial,53,M
260,Cliente_0260,cliente0260@email.com,15,2020-03-22,PYME,51,M
261,Cliente_0261,cliente0261@email.com,11,2022-01-02,Residencial,53,M
262,Cliente_0262,cliente0262@email.com,3,2021-03-06,PYME,19,F
263,Cliente_0263,cliente0263@email.com,15,2023-10-28,Corporativo,32,F
264,Cliente_0264,cliente0264@email.com,2,2021-05-26,Residencial,51,M
265,Cliente_0265,cliente0265@email.com,4,2023-09-27,PYME,53,M
266,Cliente_0266,cliente0266@email.com,9,2020-07-29,Residencial,23,M
267,Cliente_0267,cliente0267@email.com,6,2021-12-25,Residencial,56,F
268,Cliente_0268,cliente0268@email.com,1,2024-05-16,Educativo,59,M
269,Cliente_0269,cliente0269@email.com,8,2023-02-20,Residencial,68,F
270,Cliente_0270,cliente0270@email.com,15,2024-11-26,Residencial,68,F
271,Cliente_0271,cliente0271@email.com,12,2022-04-12,PYME,29,F
272,Cliente_0272,cliente0272@email.com,14,2023-06-25,Residencial,20,F
273,Cliente_0273,cliente0273@email.com,7,2024-03-14,Corporativo,62,M
274,Cliente_0274,cliente0274@email.com,10,2020-11-12,Residencial,35,F
275,Cliente_0275,cliente0275@email.com,3,2021-04-29,Corporativo,57,M
276,Cliente_0276,cliente0276@email.com,1,2024-11-05,PYME,38,M
277,Cliente_0277,cliente0277@email.com,5,2020-11-28,PYME,32,F
278,Cliente_0278,cliente0278@email.com,13,2024-06-26,Educativo,50,F
279,Cliente_0279,cliente0279@email.com,4,2024-07-18,Residencial,52,F
280,Cliente_0280,cliente0280@email.com,10,2020-12-28,Educativo,43,M
281,Cliente_0281,cliente0281@email.com,8,2022-04-24,Residencial,25,M
282,Cliente_0282,cliente0282@email.com,1,2020-02-20,Residencial,53,F
283,Cliente_0283,cliente0283@email.com,10,2021-01-02,Residencial,65,M
284,Cliente_0284,cliente0284@email.com,1,2024-02-17,Residencial,47,F
285,Cliente_0285,cliente0285@email.com,12,2021-11-11,Residencial,40,F
286,Cliente_0286,cliente0286@email.com,4,2024-05-21,Corporativo,59,F
287,Cliente_0287,cliente0287@email.com,8,2022-04-23,Corporativo,61,M
288,Cliente_0288,cliente0288@email.com,5,2024-06-30,Educativo,31,M
289,Cliente_0289,cliente0289@email.com,2,2023-10-03,Residencial,31,M
290,Cliente_0290,cliente0290@email.com,6,2024-11-04,PYME,19,F
291,Cliente_0291,cliente0291@email.com,5,2024-02-14,Residencial,54,M
292,Cliente_0292,cliente0292@email.com,2,2024-07-18,Residencial,22,F
293,Cliente_0293,cliente0293@email.com,13,2021-05-23,Residencial,55,M
294,Cliente_0294,cliente0294@email.com,14,2021-06-30,Residencial,62,Otro
295,Cliente_0295,cliente0295@email.com,11,2020-11-22,PYME,58,M
296,Cliente_0296,cliente0296@email.com,11,2024-05-31,PYME,64,M
297,Cliente_0297,cliente0297@email.com,11,2023-12-07,Residencial,31,M
298,Cliente_0298,cliente0298@email.com,3,2020-08-09,Residencial,56,F
299,Cliente_0299,cliente0299@email.com,15,2022-02-22,Residencial,42,F
300,Cliente_0300,cliente0300@email.com,9,2024-11-21,Residencial,37,F
301,Cliente_0301,cliente0301@email.com,7,2020-03-20,Educativo,19,M
302,Cliente_0302,cliente0302@email.com,7,2024-10-24,Residencial,56,M
303,Cliente_0303,cliente0303@email.com,15,2022-08-21,Residencial,23,F
304,Cliente_0304,cliente0304@email.com,11,2021-03-31,Residencial,34,M
305,Cliente_0305,cliente0305@email.com,6,2021-02-12,Corporativo,42,M
306,Cliente_0306,cliente0306@email.com,8,2024-07-30,Educativo,45,Otro
307,Cliente_0307,cliente0307@email.com,4,2022-07-31,PYME,19,Otro
308,Cliente_0308,cliente0308@email.com,8,2021-12-17,PYME,52,F
309,Cliente_0309,cliente0309@email.com,4,2021-09-17,Residencial,54,F
310,Cliente_0310,cliente0310@email.com,8,2024-08-07,Residencial,22,M
311,Cliente_0311,cliente0311@email.com,9,2024-06-16,Educativo,18,M
312,Cliente_0312,cliente0312@email.com,3,2024-11-19,PYME,57,F
313,Cliente_0313,cliente0313@email.com,3,2021-04-11,PYME,29,F
314,Cliente_0314,cliente0314@email.com,11,2021-04-01,PYME,53,M
315,Cliente_0315,cliente0315@email.com,13,2020-02-18,PYME,62,M
316,Cliente_0316,cliente0316@email.com,2,2023-09-13,PYME,40,M
317,Cliente_0317,cliente0317@email.com,13,2021-01-30,Educativo,64,F
318,Cliente_0318,cliente0318@email.com,10,2022-03-27,Corporativo,48,F
319,Cliente_0319,cliente0319@email.com,3,2021-11-03,PYME,28,F
320,Cliente_0320,cliente0320@email.com,3,2021-07-24,PYME,27,M
321,Cliente_0321,cliente0321@email.com,5,2024-11-05,Residencial,20,Otro
322,Cliente_0322,cliente0322@email.com,5,2020-05-22,PYME,31,F
323,Cliente_0323,cliente0323@email.com,2,2024-05-02,Residencial,33,M
324,Cliente_0324,cliente0324@email.com,12,2021-07-25,PYME,27,M
325,Cliente_0325,cliente0325@email.com,10,2021-12-20,Educativo,46,M
326,Cliente_0326,cliente0326@email.com,13,2023-08-06,PYME,27,M
327,Cliente_0327,cliente0327@email.com,6,2022-11-09,Residencial,29,F
328,Cliente_0328,cliente0328@email.com,5,2022-03-29,Residencial,47,M
329,Cliente_0329,cliente0329@email.com,6,2023-10-23,Residencial,58,F
330,Cliente_0330,cliente0330@email.com,1,2024-09-23,PYME,18,M
331,Cliente_0331,cliente0331@email.com,5,2023-01-03,Residencial,22,M
332,Cliente_0332,cliente0332@email.com,9,2021-11-09,Residencial,37,M
333,Cliente_0333,cliente0333@email.com,12,2020-02-26,Residencial,25,M
334,Cliente_0334,cliente0334@email.com,10,2020-08-24,PYME,60,F
335,Cliente_0335,cliente0335@email.com,14,2024-12-01,PYME,29,F
336,Cliente_0336,cliente0336@email.com,2,2021-06-18,Residencial,18,F
337,Cliente_0337,cliente0337@email.com,1,2020-12-31,Residencial,37,F
338,Cliente_0338,cliente0338@email.com,14,2023-04-04,Residencial,45,M
339,Cliente_0339,cliente0339@email.com,10,2021-06-27,PYME,60,M
340,Cliente_0340,cliente0340@email.com,13,2020-03-19,PYME,54,M
341,Cliente_0341,cliente0341@email.com,11,2020-08-10,Residencial,64,F
342,Cliente_0342,cliente0342@email.com,9,2023-05-06,PYME,54,M
343,Cliente_0343,cliente0343@email.com,10,2022-06-08,Residencial,29,M
344,Cliente_0344,cliente0344@email.com,9,2021-12-08,Corporativo,54,F
345,Cliente_0345,cliente0345@email.com,15,2024-02-01,Residencial,66,M
346,Cliente_0346,cliente0346@email.com,9,2024-05-29,Residencial,66,M
347,Cliente_0347,cliente0347@email.com,6,2021-10-04,Residencial,61,M
348,Cliente_0348,cliente0348@email.com,15,2022-06-12,PYME,45,F
349,Cliente_0349,cliente0349@email.com,8,2023-05-26,Corporativo,64,F
350,Cliente_0350,cliente0350@email.com,14,2022-11-13,Residencial,32,F
351,Cliente_0351,cliente0351@email.com,11,2020-08-24,PYME,23,M
352,Cliente_0352,cliente0352@email.com,15,2022-02-27,PYME,61,Otro
353,Cliente_0353,cliente0353@email.com,13,2023-03-26,Residencial,37,F
354,Cliente_0354,cliente0354@email.com,1,2021-01-24,Residencial,67,M
355,Cliente_0355,cliente0355@email.com,10,2021-06-05,Corporativo,31,F
356,Cliente_0356,cliente0356@email.com,4,2020-03-31,Residencial,19,M
357,Cliente_0357,cliente0357@email.com,1,2023-12-22,Residencial,26,F
358,Cliente_0358,cliente0358@email.com,8,2022-06-12,Educativo,54,F
359,Cliente_0359,cliente0359@email.com,1,2020-01-04,Residencial,37,M
360,Cliente_0360,cliente0360@email.com,3,2022-11-30,Residencial,43,Otro
361,Cliente_0361,cliente0361@email.com,13,2024-07-09,Residencial,46,F
362,Cliente_0362,cliente0362@email.com,4,2023-01-07,Educativo,18,F
363,Cliente_0363,cliente0363@email.com,15,2023-11-07,Residencial,52,M
364,Cliente_0364,cliente0364@email.com,15,2024-01-13,Residencial,23,M
365,Cliente_0365,cliente0365@email.com,15,2024-02-28,Residencial,54,M
366,Cliente_0366,cliente0366@email.com,8,2024-02-18,Residencial,22,F
367,Cliente_0367,cliente0367@email.com,6,2023-10-05,Residencial,50,M
368,Cliente_0368,cliente0368@email.com,14,2021-02-07,Residencial,66,F
369,Cliente_0369,cliente0369@email.com,10,2022-01-15,PYME,68,F
370,Cliente_0370,cliente0370@email.com,12,2022-06-02,Residencial,31,M
371,Cliente_0371,cliente0371@email.com,7,2020-05-23,Residencial,29,F
372,Cliente_0372,cliente0372@email.com,14,2023-09-22,Residencial,59,M
373,Cliente_0373,cliente0373@email.com,8,2021-11-07,Residencial,37,Otro
374,Cliente_0374,cliente0374@email.com,2,2023-06-30,Residencial,67,F
375,Cliente_0375,cliente0375@email.com,13,2021-10-04,PYME,41,M
376,Cliente_0376,cliente0376@email.com,10,2023-09-20,Residencial,60,M
377,Cliente_0377,cliente0377@email.com,14,2024-10-02,Residencial,51,M
378,Cliente_0378,cliente0378@email.com,11,2020-09-12,Residencial,42,F
379,Cliente_0379,cliente0379@email.com,8,2024-01-14,Corporativo,67,F
380,Cliente_0380,cliente0380@email.com,3,2021-09-07,PYME,46,F
381,Cliente_0381,cliente0381@email.com,7,2022-11-04,PYME,56,M
382,Cliente_0382,cliente0382@email.com,3,2021-09-25,Residencial,48,M
383,Cliente_0383,cliente0383@email.com,15,2023-09-27,Corporativo,64,M
384,Cliente_0384,cliente0384@email.com,7,2022-04-16,Residencial,60,F
385,Cliente_0385,cliente0385@email.com,14,2021-10-30,Residencial,67,F
386,Cliente_0386,cliente0386@email.com,11,2022-04-04,Residencial,40,M
387,Cliente_0387,cliente0387@email.com,15,2023-11-28,Residencial,61,M
388,Cliente_0388,cliente0388@email.com,12,2021-08-28,Educativo,55,F
389,Cliente_0389,cliente0389@email.com,13,2023-02-09,PYME,37,F
390,Cliente_0390,cliente0390@email.com,2,2020-09-17,Residencial,40,F
391,Cliente_0391,cliente0391@email.com,10,2021-01-27,PYME,62,F
392,Cliente_0392,cliente0392@email.com,6,2022-05-11,Educativo,69,M
393,Cliente_0393,cliente0393@email.com,3,2023-09-23,Corporativo,33,M
394,Cliente_0394,cliente0394@email.com,3,2022-02-15,PYME,67,F
395,Cliente_0395,cliente0395@email.com,15,2023-10-19,Corporativo,59,F
396,Cliente_0396,cliente0396@email.com,9,2024-03-12,Educativo,25,M
397,Cliente_0397,cliente0397@email.com,7,2020-12-22,PYME,67,F
398,Cliente_0398,cliente0398@email.com,5,2023-06-14,Residencial,38,F
399,Cliente_0399,cliente0399@email.com,12,2023-03-11,Residencial,18,F
400,Cliente_0400,cliente0400@email.com,10,2021-09-08,Corporativo,25,F
401,Cliente_0401,cliente0401@email.com,7,2022-04-11,Residencial,46,M
402,Cliente_0402,cliente0402@email.com,9,2023-01-27,Corporativo,49,F
403,Cliente_0403,cliente0403@email.com,1,2024-09-03,Residencial,55,F
404,Cliente_0404,cliente0404@email.com,7,2020-01-01,Residencial,22,F
405,Cliente_0405,cliente0405@email.com,6,2021-09-14,Residencial,64,F
406,Cliente_0406,cliente0406@email.com,10,2021-08-10,Residencial,39,F
407,Cliente_0407,cliente0407@email.com,14,2021-03-06,Educativo,64,M
408,Cliente_0408,cliente0408@email.com,12,2022-05-30,Corporativo,51,F
409,Cliente_0409,cliente0409@email.com,9,2024-05-28,Corporativo,18,F
410,Cliente_0410,cliente0410@email.com,1,2023-04-02,PYME,43,F
411,Cliente_0411,cliente0411@email.com,13,2023-05-27,Residencial,60,F
412,Cliente_0412,cliente0412@email.com,4,2023-09-02,Residencial,27,F
413,Cliente_0413,cliente0413@email.com,9,2021-10-21,PYME,47,M
414,Cliente_0414,cliente0414@email.com,4,2022-08-10,Residencial,67,F
415,Cliente_0415,cliente0415@email.com,10,2022-06-23,Residencial,35,M
416,Cliente_0416,cliente0416@email.com,3,2022-06-24,Residencial,34,M
417,Cliente_0417,cliente0417@email.com,9,2023-10-15,Residencial,43,F
418,Cliente_0418,cliente0418@email.com,13,2021-03-13,Educativo,25,F
419,Cliente_0419,cliente0419@email.com,2,2022-11-12,Corporativo,64,M
420,Cliente_0420,cliente0420@email.com,15,2022-08-27,Residencial,57,M
421,Cliente_0421,cliente0421@email.com,4,2024-06-13,PYME,66,F
422,Cliente_0422,cliente0422@email.com,15,2024-06-18,PYME,29,M
423,Cliente_0423,cliente0423@email.com,6,2024-02-16,Residencial,44,M
424,Cliente_0424,cliente0424@email.com,2,2020-12-13,Corporativo,25,M
425,Cliente_0425,cliente0425@email.com,15,2023-09-11,Corporativo,42,M
426,Cliente_0426,cliente0426@email.com,8,2020-06-22,Residencial,63,M
427,Cliente_0427,cliente0427@email.com,8,2021-08-04,Residencial,21,M
428,Cliente_0428,cliente0428@email.com,1,2022-11-21,Residencial,50,M
429,Cliente_0429,cliente0429@email.com,12,2023-09-21,Residencial,18,F
430,Cliente_0430,cliente0430@email.com,3,2023-07-20,Residencial,36,F
431,Cliente_0431,cliente0431@email.com,10,2023-06-22,Corporativo,48,F
432,Cliente_0432,cliente0432@email.com,9,2021-11-17,Residencial,33,M
433,Cliente_0433,cliente0433@email.com,5,2020-07-10,Residencial,31,M
434,Cliente_0434,cliente0434@email.com,6,2024-08-03,Educativo,65,F
435,Cliente_0435,cliente0435@email.com,4,2024-03-18,PYME,22,M
436,Cliente_0436,cliente0436@email.com,10,2021-04-26,Residencial,58,F
437,Cliente_0437,cliente0437@email.com,2,2023-10-09,Residencial,43,F
438,Cliente_0438,cliente0438@email.com,11,2021-09-27,Residencial,45,F
439,Cliente_0439,cliente0439@email.com,8,2021-04-05,PYME,19,M
440,Cliente_0440,cliente0440@email.com,11,2024-07-09,Residencial,67,M
441,Cliente_0441,cliente0441@email.com,13,2021-02-11,Residencial,23,F
442,Cliente_0442,cliente0442@email.com,6,2020-10-28,Educativo,26,M
443,Cliente_0443,cliente0443@email.com,5,2020-02-20,Residencial,50,F
444,Cliente_0444,cliente0444@email.com,9,2020-04-04,Corporativo,58,F
445,Cliente_0445,cliente0445@email.com,1,2021-05-16,Educativo,42,Otro
446,Cliente_0446,cliente0446@email.com,5,2022-08-31,Residencial,65,M
447,Cliente_0447,cliente0447@email.com,6,2023-06-05,Corporativo,30,F
448,Cliente_0448,cliente0448@email.com,5,2024-10-06,Residencial,26,F
449,Cliente_0449,cliente0449@email.com,6,2024-04-22,Corporativo,30,M
450,Cliente_0450,cliente0450@email.com,6,2020-05-29,PYME,48,M
451,Cliente_0451,cliente0451@email.com,7,2022-07-21,PYME,58,F
452,Cliente_0452,cliente0452@email.com,4,2022-04-28,Residencial,28,M
453,Cliente_0453,cliente0453@email.com,14,2023-07-13,Corporativo,21,M
454,Cliente_0454,cliente0454@email.com,11,2023-03-24,PYME,51,M
455,Cliente_0455,cliente0455@email.com,14,2021-02-02,Residencial,55,F
456,Cliente_0456,cliente0456@email.com,14,2024-01-11,Corporativo,63,F
457,Cliente_0457,cliente0457@email.com,14,2023-11-27,Residencial,21,F
458,Cliente_0458,cliente0458@email.com,15,2022-02-25,Residencial,55,M
459,Cliente_0459,cliente0459@email.com,8,2022-10-09,Residencial,36,M
460,Cliente_0460,cliente0460@email.com,7,2022-03-29,Residencial,23,F
461,Cliente_0461,cliente0461@email.com,9,2021-05-14,Residencial,51,F
462,Cliente_0462,cliente0462@email.com,7,2020-10-29,Educativo,35,M
463,Cliente_0463,cliente0463@email.com,3,2023-09-05,Residencial,30,F
464,Cliente_0464,cliente0464@email.com,3,2023-11-09,PYME,58,Otro
465,Cliente_0465,cliente0465@email.com,15,2020-01-12,Residencial,40,F
466,Cliente_0466,cliente0466@email.com,8,2024-03-17,Corporativo,36,F
467,Cliente_0467,cliente0467@email.com,5,2024-10-28,Educativo,62,F
468,Cliente_0468,cliente0468@email.com,4,2024-04-26,Residencial,28,M
469,Cliente_0469,cliente0469@email.com,8,2020-08-06,Corporativo,18,F
470,Cliente_0470,cliente0470@email.com,15,2024-05-13,Residencial,41,Otro
471,Cliente_0471,cliente0471@email.com,6,2022-05-20,Corporativo,24,M
472,Cliente_0472,cliente0472@email.com,2,2021-03-24,Residencial,42,F
473,Cliente_0473,cliente0473@email.com,4,2020-12-26,Corporativo,38,F
474,Cliente_0474,cliente0474@email.com,12,2024-07-04,Residencial,32,F
475,Cliente_0475,cliente0475@email.com,11,2023-11-26,PYME,18,F
476,Cliente_0476,cliente0476@email.com,4,2022-11-26,PYME,29,F
477,Cliente_0477,cliente0477@email.com,15,2022-08-09,Residencial,24,F
478,Cliente_0478,cliente0478@email.com,6,2020-04-12,Residencial,32,M
479,Cliente_0479,cliente0479@email.com,6,2023-02-15,Residencial,38,F
480,Cliente_0480,cliente0480@email.com,1,2021-05-25,Residencial,36,M
481,Cliente_0481,cliente0481@email.com,14,2024-10-03,PYME,46,M
482,Cliente_0482,cliente0482@email.com,8,2020-09-05,Residencial,42,M
483,Cliente_0483,cliente0483@email.com,6,2022-07-23,Residencial,50,F
484,Cliente_0484,cliente0484@email.com,3,2020-09-30,Residencial,66,M
485,Cliente_0485,cliente0485@email.com,14,2024-06-29,Corporativo,49,F
486,Cliente_0486,cliente0486@email.com,9,2022-08-09,Residencial,66,F
487,Cliente_0487,cliente0487@email.com,2,2023-09-29,Residencial,52,F
488,Cliente_0488,cliente0488@email.com,15,2022-12-23,Residencial,61,M
489,Cliente_0489,cliente0489@email.com,11,2023-02-18,Residencial,55,F
490,Cliente_0490,cliente0490@email.com,8,2023-05-04,Corporativo,43,F
491,Cliente_0491,cliente0491@email.com,10,2021-10-11,Residencial,28,F
492,Cliente_0492,cliente0492@email.com,3,2024-03-26,Residencial,52,M
493,Cliente_0493,cliente0493@email.com,13,2022-06-25,PYME,25,M
494,Cliente_0494,cliente0494@email.com,12,2023-06-08,PYME,63,M
495,Cliente_0495,cliente0495@email.com,5,2024-07-27,Residencial,31,M
496,Cliente_0496,cliente0496@email.com,6,2024-01-13,PYME,27,M
497,Cliente_0497,cliente0497@email.com,10,2022-10-30,Educativo,19,F
498,Cliente_0498,cliente0498@email.com,6,2022-05-23,Residencial,63,M
499,Cliente_0499,cliente0499@email.com,4,2024-08-28,PYME,26,M
500,Cliente_0500,cliente0500@email.com,3,2023-01-27,PYME,20,M
